:020000040E03E9
:100000002822002F712C030E3B76030E5D2C030E6D
:100010005D2C030E5D2C030E5D2C030E5D2C030E78
:10002000000000000000000000000000412D030E51
:100030005D2C030E00000000E92E030E5D2C030E64
:10004000692F030E692F030E692F030E692F030E0C
:10005000692F030E692F030E692F030E692F030EFC
:10006000692F030E692F030E692F030E692F030EEC
:10007000692F030E692F030E692F030E692F030EDC
:10008000692F030E692F030E692F030E692F030ECC
:10009000692F030E692F030E692F030E692F030EBC
:1000A000692F030E692F030E692F030E692F030EAC
:1000B000692F030E692F030E692F030E692F030E9C
:1000C000692F030E692F030E692F030E692F030E8C
:1000D000692F030E692F030E692F030E692F030E7C
:1000E000692F030E692F030E692F030E692F030E6C
:1000F000692F030E692F030E692F030E692F030E5C
:10010000692F030E692F030E692F030E692F030E4B
:10011000692F030E692F030E692F030E692F030E3B
:10012000692F030E692F030E692F030E692F030E2B
:10013000692F030E692F030E692F030E692F030E1B
:10014000692F030E692F030E692F030E692F030E0B
:10015000692F030E692F030E692F030E692F030EFB
:10016000692F030E692F030E692F030E692F030EEB
:10017000692F030E692F030E692F030E692F030EDB
:10018000692F030E692F030E692F030E692F030ECB
:10019000692F030E692F030E692F030E692F030EBB
:1001A000692F030E692F030E692F030E692F030EAB
:1001B000692F030E692F030E692F030E692F030E9B
:1001C000692F030E692F030E692F030E692F030E8B
:1001D000692F030E692F030E692F030E692F030E7B
:1001E000692F030E692F030E692F030E692F030E6B
:1001F000692F030E692F030E692F030E692F030E5B
:10020000692F030E692F030E692F030E692F030E4A
:10021000692F030E692F030E692F030E692F030E3A
:10022000692F030E692F030E692F030E692F030E2A
:10023000692F030E692F030E692F030E692F030E1A
:10024000692F030E692F030E692F030E692F030E0A
:10025000692F030E692F030E692F030E692F030EFA
:10026000692F030E692F030E692F030E692F030EEA
:10027000692F030E692F030E692F030E692F030EDA
:10028000692F030E692F030E692F030E692F030ECA
:10029000692F030E692F030E692F030E692F030EBA
:1002A000692F030E692F030E692F030E692F030EAA
:1002B000692F030E692F030E692F030E692F030E9A
:1002C000692F030E692F030E692F030E692F030E8A
:1002D000692F030E692F030E692F030E692F030E7A
:1002E000692F030E692F030E692F030E692F030E6A
:1002F000692F030E692F030E692F030E692F030E5A
:10030000692F030E692F030E692F030E692F030E49
:10031000692F030E692F030E692F030E692F030E39
:10032000692F030E692F030E692F030E692F030E29
:10033000692F030E692F030E692F030E692F030E19
:10034000692F030E692F030E692F030E692F030E09
:10035000692F030E692F030E692F030E692F030EF9
:10036000692F030E692F030E692F030E692F030EE9
:10037000692F030E692F030E692F030E692F030ED9
:10038000692F030E692F030E692F030E692F030EC9
:10039000692F030E692F030E692F030E692F030EB9
:1003A000692F030E692F030E692F030E692F030EA9
:1003B000692F030E692F030E692F030E692F030E99
:1003C000692F030E692F030E692F030E692F030E89
:1003D000692F030E692F030E692F030E692F030E79
:1003E000692F030E692F030E692F030E692F030E69
:1003F000692F030E692F030E692F030E692F030E59
:10040000692F030E692F030E692F030E692F030E48
:10041000692F030E692F030E692F030E692F030E38
:10042000692F030E692F030E692F030E692F030E28
:10043000692F030E692F030E692F030E692F030E18
:10044000692F030E692F030E692F030E692F030E08
:10045000692F030E692F030E692F030E692F030EF8
:10046000692F030E692F030E692F030E692F030EE8
:10047000692F030E692F030E692F030E692F030ED8
:10048000692F030E692F030E692F030E692F030EC8
:10049000692F030E692F030E692F030E692F030EB8
:1004A000692F030E692F030E692F030E692F030EA8
:1004B000692F030E692F030E692F030E692F030E98
:1004C000692F030E692F030E692F030E692F030E88
:1004D000692F030E692F030E692F030E692F030E78
:1004E000692F030E692F030E692F030E692F030E68
:1004F000692F030E692F030E692F030E692F030E58
:10050000692F030E692F030E692F030E692F030E47
:10051000692F030E692F030E692F030E692F030E37
:10052000692F030E692F030E692F030E692F030E27
:10053000692F030E692F030E692F030E692F030E17
:10054000692F030E692F030E692F030E692F030E07
:10055000692F030E692F030E692F030E692F030EF7
:10056000692F030E692F030E692F030E692F030EE7
:10057000692F030E692F030E692F030E692F030ED7
:10058000692F030E692F030E692F030E692F030EC7
:10059000692F030E692F030E692F030E692F030EB7
:1005A000692F030E692F030E692F030E692F030EA7
:1005B000692F030E692F030E692F030E692F030E97
:1005C000692F030E692F030E692F030E692F030E87
:1005D000692F030E692F030E692F030E692F030E77
:1005E000692F030E692F030E692F030E692F030E67
:1005F000692F030E692F030E692F030E692F030E57
:10060000692F030E692F030E692F030E692F030E46
:10061000692F030E692F030E692F030E692F030E36
:10062000692F030E692F030E692F030E692F030E26
:10063000692F030E692F030E692F030E692F030E16
:10064000692F030E692F030E692F030E692F030E06
:10065000692F030E692F030E692F030E692F030EF6
:10066000692F030E692F030E692F030E692F030EE6
:10067000692F030E692F030E692F030E692F030ED6
:10068000692F030E692F030E692F030E692F030EC6
:10069000692F030E692F030E692F030E692F030EB6
:1006A000692F030E692F030E692F030E692F030EA6
:1006B000692F030E692F030E692F030E692F030E96
:1006C000692F030E692F030E692F030E692F030E86
:1006D000692F030E692F030E692F030E692F030E76
:1006E000692F030E692F030E692F030E692F030E66
:1006F000692F030E692F030E692F030E692F030E56
:10070000692F030E692F030E692F030E692F030E45
:10071000692F030E692F030E692F030E692F030E35
:10072000692F030E692F030E692F030E692F030E25
:10073000692F030E692F030E692F030E692F030E15
:10074000692F030E692F030E692F030E692F030E05
:10075000692F030E692F030E692F030E692F030EF5
:10076000692F030E692F030E692F030E692F030EE5
:10077000692F030E692F030E692F030E692F030ED5
:10078000692F030E692F030E692F030E692F030EC5
:0C079000692F030E692F030E692F030E62
:10079C0053B94AB9002908BF00281CBF4FF0FF31DC
:1007AC004FF0FF3000F00CB8ADF1080C6DE904CE41
:1007BC0000F018F8DDF804E0DDE9022304B070471E
:1007CC00704700BF034611F8012B03F8012B002AD8
:1007DC00F9D17047034613F8012B002AFBD1181AE4
:1007EC00013870472DE9F0478C468E46089E154619
:1007FC0004461946002B40F0D080724547D9B2FA16
:10080C0082F74FB1C7F120030EFA07FCBD40BC4084
:10081C0020FA03F343EA0C0C4FEA154EA8B2230C52
:10082C00BCFBFEF80EFB18CC08FB00F943EA0C43AA
:10083C00994528D9EB1808F1FF3204D2994502D911
:10084C00A8F102022B44A3EB0903A4B2B3FBFEFCF8
:10085C000EFB1C330CFB00F044EA0344A04214D9F9
:10086C002C190CF1FF3304D2A04202D9ACF10203D3
:10087C002C44241A43EA02401EB1FC40002334608D
:10088C007360BDE8F0874246DDE76346F1E7002A76
:10089C0079D0B2FA82F3002B3FD01946C1F1200374
:1008AC0002FA01F500FA01F42EFA03F20EFA01FE37
:1008BC0020FA03F3AFB243EA0E034FEA154EB2FB34
:1008CC00FEFC0EFB1C201A0C0CFB07F842EA004243
:1008DC0090455AD9AA180CF1FF3004D2904502D990
:1008EC00ACF102002A44A2EB08029BB2B2FBFEFC64
:1008FC000EFB1C220CFB07F743EA02439F4246D92E
:10090C00EB180CF1FF3204D29F4202D9ACF1020277
:10091C002B44DB1B42EA004202E0AEEB0203012255
:10092C004FEA154EAFB2200CB3FBFEFC0EFB1C3392
:10093C000CFB07F840EA034398452AD9EB180CF155
:10094C00FF3004D2984502D9ACF102002B44A3EB42
:10095C000803A4B2B3FBFEFC0EFB1C330CFB07F725
:10096C0044EA0344A74216D92C190CF1FF3304D2E4
:10097C00A74202D9ACF102032C44E41B43EA004029
:10098C000F46114678E71F2188E76046ABE76246C1
:10099C00BFE76046DBE76346EFE7734506D916B958
:1009AC00002108466DE7C6E9000EF9E7B3FA83F7B4
:1009BC0087B9734501D3824207D8841A6EEB0303BF
:1009CC0001209C461EB900215BE73846FAE7C6E9D0
:1009DC00004CF8E7C7F1200CBB4000FA07F422FAF0
:1009EC000CF520FA0CF1BA401D432EFA0CF30EFA5A
:1009FC0007FE4FEA154941EA0E011FFA85FEB3FBCB
:100A0C00F9F809FB18300B0C08FB0EFA43EA00430B
:100A1C009A4540D9EB1808F1FF3004D29A4502D917
:100A2C00A8F102002B44A3EB0A0389B2B3FBF9F83B
:100A3C0009FB183308FB0EFE41EA03418E452CD905
:100A4C00691808F1FF3304D28E4502D9A8F10203CC
:100A5C00294443EA0040A1EB0E01A0FB029841455A
:100A6C00CE46434602D306D14C4504D20138B9EBED
:100A7C00020E68EB0503002EA5D0B4EB0E0261EB61
:100A8C00030101FA0CFC22FA07F3F9404CEA0303C8
:100A9C00C6E9003197E74046C5E74346D9E7000071
:100AAC0008B50021014807F092FCFAE7366E010008
:100ABC004FF400534FF400722DE9F04389B0CDE9A7
:100ACC000432A34BA34C0293002303221846CDE916
:100ADC000033A149039405F03AFEDFF88082A04F61
:100AEC00A04E102300250322CDE9003528462346CD
:100AFC00CDE902789849103405F029FEB442F0D1C2
:100B0C00994F9A4B3A689A420AD0994BCDE90153C6
:100B1C000023012218469049009505F018FEBDE00F
:100B2C00284607A906F0C9FF044658B1914B03901B
:100B3C00CDE901530023012218468749009505F0A1
:100B4C0006FE14E0079E0136314606F0A1FF079B16
:100B5C00044680B10393884BCDE90460CDE9015381
:100B6C0001222B4628467C49009505F0F0FD2046D5
:100B7C0009B0BDE8F083CDE90336804B0322CDE903
:100B8C00010375490346009005F0E1FD079BCBB9C5
:100B9C0000F026F9034650B9794A6F49CDE90102B4
:100BAC000322009005F0D3FD012000F00FFB754BE4
:100BBC000390CDE901430322234620466649009465
:100BCC0005F0C5FD97F87D70052F69D800256E4B93
:100BDC00032253F82730284603936C4BCDE900557C
:100BEC0002935D492B4605F0B2FD052E71D9062303
:100BFC000393674B03220293002357491846CDE910
:100C0C00003305F0A4FD634FDFF88C810025CDE99E
:100C1C0002742B4603222846CDE900554E49013477
:100C2C0005F095FD08FB04F3B3F1333F2FD85B4B74
:100C3C0003222846CDE9015347492B46009505F080
:100C4C0086FD574E574BDFF860910322CDE90153D7
:100C5C0028462B46CDE903693F49009505F077FD01
:100C6C00524A3368D2F8FC2F56F8041B4E4585EADD
:100C7C000105F9D103934E4BCDE9042502930023D2
:100C8C0003221846CDE90033334905F060FD0021FD
:100C9C00484807F09CFB484B9C42B7D1FFF700FF3C
:100CAC00464B0222029300232B491846CDE9003310
:100CBC00039705F04CFD052E99D8414B0122029368
:100CCC00002325491846CDE90033039705F03FFD75
:100CDC00E4E7052FF1D801A353F827F0010D030E1B
:100CEC00230D030E550D030E430D030EC70C030EFF
:100CFC00590D030E334B0322CDE901530023164942
:100D0C001846009505F023FD002006F0F1FE2E4B51
:100D1C00044603900CE72D4B0322CDE9015300232D
:100D2C000D491846009505F012FD06F0F4FE284B0F
:100D3C0004460390FCE6274B0322CDE90153002324
:100D4C000549184600952DE7234BDFE6234BDDE6DE
:100D5C00A89D030E0000040ED099030EEF9D030E08
:100D6C00ED9E030E0002040E00FD882F6F54694D9A
:100D7C00FA9D030E1A9E030E389E030E669E030EFA
:100D8C007B9E030EB59E030E389A030EDC9E030E5B
:100D9C00F09E030E4B9F030ECDCCCCCC589F030E74
:100DAC000020040E7B9F030E0020080E0010080E7E
:100DBC00AF9F030E366E0100A0860100299F030E23
:100DCC00DEA0030EF29F030E0EA0030E39A0030E3D
:100DDC0056A0030E82A0030EA9A0030EC1A0030E01
:100DEC0030B50E4C0E4BA26885B09A420D4B01D01B
:100DFC001A787AB101221A7094E80F008DE80F006E
:100E0C004FF0FF3302939DE80F0084E80F000020A1
:100E1C0005B030BD4FF0FF30FAE700BF0080FF0F88
:100E2C00A82823BDD009002F2DE9F04F91B00093D5
:100E3C0002F004030293C2F3C20301338407054694
:100E4C000E46DDF868A00392059340F09C81041DCA
:100E5C00002849D101F00706341DC6F10806009B95
:100E6C0000274FF004085A1E4FF0FF33B946019388
:100E7C00BB46434604970DB10099216005980028A4
:100E8C0000F3D6808F480099814203D38E4881426B
:100E9C00C0F0CE800399601B11F0020C40F0D6809C
:100EAC00B9F10F0F00F2CF80002D00F0D68009F1C0
:100EBC0040010DEB010E0199C0F387000EF8200CD8
:100ECC000EF8101CBCF1000F00F0C38060F07F0026
:100EDC000EF8200C013709F10109C5F108014FF694
:100EEC00DA7E043406918CE00729B8D86FF01B0029
:100EFC0011B0BDE8F08F7A285BD84B280FD8472863
:100F0C0057D829282ED8252850D052D8202818BF99
:100F1C0023280CBF4FF0010B4FF0000B71E04C3845
:100F2C002E2846D8DFE800F06D454545454545453A
:100F3C00454545454845454545454545455645483E
:100F4C00485656566D486A456D4518481845457FB4
:100F5C007C48454548457C0000204FF0000B4FF085
:100F6C00040835E001212A38C0B201FA00F010EA79
:100F7C000E0F46D110F0625C2CD110EA010B40D060
:100F8C006046013C4444B4FBF8F408FB04F425B17E
:100F9C00A3EB050CA444B445A8D8002870D005993F
:100FAC00013905915AF8041B009164E70199013944
:100FBC0001914FF0000B24E012F8010C6C2834D195
:100FCC00002012F8023C83466C2BC8D14FF0080865
:100FDC004346D6E70AF1070A2AF0070A073424F039
:100FEC000704FAE802BC35B106982044B0423FF63B
:100FFC007DAFC4E900BC4FF0000B08344FF008087B
:10100C00434612F8010F002853D0BBF1000F7FF4B8
:10101C0072AF2528F5D14FF0010B019B01330193E1
:10102C004FF00408ECE7584697E700208346A8E702
:10103C00039988077FF551AF4FF0010C601BB0F599
:10104C00007FFFF42DAF6FF0150051E74FF0000C4F
:10105C00F5E70498013004903DE7BCF1000F01D096
:10106C00013638E70298023600287FF434AF009836
:10107C00CDE90632FFF7AEFBDDE9063206442AE77E
:10108C00042B08D10AF1040015B1DAF80010216024
:10109C0082460434B5E70AF1070323F0070303F192
:1010AC00080A1DB1D3E90001C4E900010823083482
:1010BC00A7E7631BB3F5806FC5D23DB9A6F1080451
:1010CC00E01815E7D887030EC0AD030E029A9B08F3
:1010DC0028602B709DF81030AAB1EB70AF702FB157
:1010EC00002208A8C5F1010C91450ED14FF0000A61
:1010FC00C5F101030DF1200801930DF1300BD14521
:10110C0012D1601BF4E66B70E8E710F8013B19068E
:10111C0008D50CEB040EB64503F07F033FF6E6AEA4
:10112C0004F8013B0132DFE71FB198F90020002AD7
:10113C0017DB029BD3B11AF80B2004F8012B002209
:10114C00019B18191044B0423FF6D0AE98F800003D
:10115C00009904F8010B2046039207F099FA039AC0
:10116C0014440AF1010A08F10108C8E798F80020B4
:10117C0055F822300093029B009845F82230FFF777
:10118C0029FB421CDCE76FF00D00B1E6014B186047
:10119C00704700BF4800002F80B505460E46174625
:1011AC00984604F0E7FD034601F0EAFE0446DFF83A
:1011BC001890424649F8003039463046A84754F852
:1011CC00090001F075FE00BF08000000044608B5D8
:1011DC00EFF31183202383F31288BFF36F8F06F094
:1011EC0044FC204602F0A4F9024805F0D5FB06F0B9
:1011FC0047FAFCE780A1030E1FB5034660B9114AFC
:10120C000090CDE901021049012205F0E0FD6FF0DC
:10121C00150005B05DF804FB83685BB90B4A1846F2
:10122C00CDE9013208490122009305F0D0FD6FF0A1
:10123C000400EEE71B681BB105B05DF804EB184722
:10124C001846E6E7B4A1030E9099030EC5A1030E50
:10125C0030B585B008B101B16AB9134B01220293C4
:10126C00002312491846CDE9003305F0B0FD6FF0AC
:10127C00150005B030BD84680CB1256965B90C4BFF
:10128C0001220293002309491846CDE9003305F0E9
:10129C009EFD6FF00400ECE741F8040B236905B0E8
:1012AC00BDE83040184700BFE3A1030E9099030E30
:1012BC00C5A1030E30B51346044685B060B9194B71
:1012CC000090CDE9010301220346174905F07FFD8B
:1012DC006FF0150005B030BD006858B9134B009085
:1012EC00CDE90103012203460F4905F070FD6FF0B3
:1012FC000100EFE782680AB1956865B90C4B0122D1
:10130C000293002308491846CDE9003305F05FFD30
:10131C006FF00400DEE70A46AC46616805B0BDE834
:10132C00304060470FA2030E9099030E20A2030ECB
:10133C00C5A1030E70B504464568066906F0E3FEC8
:10134C0038B123462846311D034ABDE8704000F0F1
:10135C007BBD6FF00A0070BDC49A030E2DE9F043FB
:10136C009846836804468B42174685B00DD81D4BB2
:10137C000293002301221846CDE900331A4905F0E7
:10138C0061FD002005B0BDE8F0834368D0F8009003
:10139C0003FB01F609EB06050AB3B8F1000F05D003
:1013AC000421284602F070F9BFF35B8FD4E90130B9
:1013BC005843226859F8061002440438884203D373
:1013CC000B1D2B449A4201D2084BD1E73960B8F17E
:1013DC00000F04D0281D02F057F9BFF35B8F281DB6
:1013EC00D0E700BF4EA2030E8899030E62A2030E33
:1013FC0030B5046843680C1BB4FBF3F40D4685B0A0
:10140C0000232146FFF7AAFF08B185420DD0084BF7
:10141C0001220293002307491846CDE9003305F059
:10142C0011FD6FF0150005B030BD2046FBE700BF85
:10143C0072A2030E8899030E2DE9F04F824689B0F3
:10144C00129B5AF8686B0C680493736A03341C443F
:10145C0081460F46B4FBF3F44FF00008DDF84CB0B6
:10146C0005922146F06A06AA05F0C1FB10F11C0F8B
:10147C0005460DD1049B53EA0B0352D05B465046F4
:10148C00049A04F051F8051E47DB4FF00108E8E719
:10149C00B8F1000F03D009F1680004F011F8002D29
:1014AC001ADA15F11C0F05D16FF00B05284609B09F
:1014BC00BDE8F08F15F10B0FF8D01C4B01220293F5
:1014CC0000231B491846CDE90033039505F0BAFCFF
:1014DC0015F1160FE8D0E9E73B687BB9069C07933A
:1014EC00B36A0134A34207D92146F06A07AA05F072
:1014FC0057FB079B002BF3D0069BE41A736A069AE2
:10150C006343043B3B60716A306A4A4383508118E1
:10151C00059B0431069D1960C8E7B8F1000FC0D0D7
:10152C00B9E7B8F1000FB6D1BEE700BF82A2030E37
:10153C008899030E70B5054686B0044655F8446B81
:10154C008DF814108DF815208DF816304FF0FF32F1
:10155C004FF0FF33284603F0F1FE211D032305AAAB
:10156C00304605F08DFD0446284605F096FC022C0D
:10157C000AD8074B01220293002306491846CDE9ED
:10158C000033039405F05EFC204606B070BD00BF2E
:10159C00A5A2030E8899030E002370B586B0CDE981
:1015AC0004331C4E1C4B456803933378046973B9A0
:1015BC001A4806F08DFE03AB00934FF400724FF007
:1015CC00FF331749154804F0DDF80123337025600B
:1015DC006B692A6A93422CBF0023012384F8C8301C
:1015EC0004F1440006F0E1FD0E4904F1580006F048
:1015FC0034FE0122002104F1680006F0DDFD4FF0FD
:10160C00FF330020C4F8BC30C4F8C030C4F8B83084
:10161C0006B070BDD109002FC4A2030EA003002F89
:10162C00E809002FF917030EF0B507680646786A2B
:10163C0003320244002B0D4687B0B2FBF0F12DDBD8
:10164C00DC1C0444B4FBF0F4A14210D2174BCDE9DE
:10165C0003410293002301221846CDE900331449BB
:10166C0005F0F0FB6FF01504204607B0F0BD6843A1
:10167C003A6A091B13502A19B1B1F86A05F01DFB1F
:10168C00041E0DDA0B4B0122029300230849184665
:10169C00CDE90033039405F0D5FBE5E72A46EBE7EB
:1016AC0006F1680003F00CFF2C46DDE7D1A2030E17
:1016BC008899030EF3A2030E30B50446006887B078
:1016CC00002305AA20300D46FFF748FE034648B11B
:1016DC004FF0FF3329462046059A07B0BDE830404D
:1016EC00FFF7A2BF064A0090CDE90102054901228D
:1016FC00039505F0A7FB6FF0150007B030BD00BFD8
:10170C000CA3030E8899030E016901F1C403D3E8FD
:10171C00EF0F40F00040C3E8E20F002AF7D1024877
:10172C00583106F0B6BD00BFA003002F7FB50024D2
:10173C00036903F1780520012E58964212D102213B
:10174C001A188032D2E8EF0F012803D1C2E8E41F47
:10175C00002CF7D140D1224803F1580106F099FD35
:10176C0000201CE00134042CE5D103F1C400D0E8C6
:10177C00EF4F651CC0E8E65F002EF8D14FF6FC7009
:10178C000442A5B20DD0174B012202930023164937
:10179C001846CDE9003305F055FB6FF00B0004B093
:1017AC0070BD280100F178061844826793F8C820B0
:1017BC001E4432B1EAB253FA84F480F8842084F8DF
:1017CC00B82000F17C020120D2E8EF4FC2E8E50F0F
:1017DC00002DF9D10E60BEE76FF01500DFE700BFFA
:1017EC00A003002F2CA3030E8899030E2DE9F04FB4
:1017FC0004468BB000F16C03D3E8AF3F002B64DAE6
:10180C0090F87050A0F158030593002D60D04FF064
:10181C00FF384FF0FF39DFF8E0B100F1240500F19B
:10182C00640A0227D5E8EF3F012B03D1C5E8E27F1C
:10183C00002AF7D130D155F8043C1868FEF7CAFFDE
:10184C00CDE90089461C09AA059808A90896FFF756
:10185C00F3FD031E0FDB55F8042C09981168069351
:10186C00FEF7B0FF0096069B39462A7A059805F0DC
:10187C0054FB031E10DA0022D5E8EF1FC5E8E02F59
:10188C000028F9D1CDE902B31346CDE90022184660
:10189C0001225A4905F0D6FA10355545C1D100261A
:1018AC0004F128056834D5E8EF3F022B03D1C5E8D5
:1018BC00E26F002AF7D105D155F8082C93680BB1CB
:1018CC00906998471035A542EDD10BB0BDE8F08F6B
:1018DC00A0F114084FF0FF334FF0FF32404603F0F5
:1018EC002DFD04F1600304F1620906934FF6FF72BB
:1018FC0039F8023F934266D0404605F0CEFA54F8D0
:10190C00583CB9F80060D3E90512DB6902FB0616F6
:10191C0003FB02110436891B3046013906F0EFFE39
:10192C000027421C04F1240BDBE8AFAFBAF1010F26
:10193C002AD15BF8043C31461868079206F0CDFEBC
:10194C00079A08BB04EB0712EBB282F82C30069A0C
:10195C0057550322DBE8EF1F012904D1CBE8EC2F0C
:10196C00BCF1000FF6D10CBF0122002232D0244B67
:10197C000092CDE90123214913460395524605F007
:10198C0061FA6FF0150605E00137042F0BF1100B0F
:10199C00CAD100264FF0FF324FF0FF33404603F020
:1019AC00CDFC002E0FD04FF6FF73A9F800300ADAE9
:1019BC00144B01220293002310491846CDE9003341
:1019CC00039605F03FFA0135042D8FD1404605F002
:1019DC0064FA64E704EB0717396A8A681AB18869F4
:1019EC0007939047079B31460322059805F057FA59
:1019FC00061EA8BF0126CDE73FA3030E8899030E50
:101A0C005CA3030E8BA3030E70B5431893F8B85068
:101A1C0086B0032D0CD9224B039102930023012293
:101A2C001846CDE900331F4905F00CFA002411E0EB
:101A3C002B0103F1780403F17C0104440144D1E847
:101A4C00AF2FD2B2032A08D103448033D3E8AF3F7F
:101A5C00002BEBD1204606B070BD022A0ED103221A
:101A6C00D1E8EF5FC1E8E62F002EF9D103449A6F5D
:101A7C009368002BEED090699847EBE700EB0510CC
:101A8C0090F884300749CDE90323074B01220293D8
:101A9C0000231846CDE9003305F0D4F9C6E700BFA2
:101AAC00A0A3030E8899030EC2A3030E2DE9F043E5
:101ABC00022989B01FD94578032D1CD803781469E5
:101ACC00032B09D8DFE803F05102250B817820465F
:101ADC00FFF7F2FD002810DB09B0BDE8F083817838
:101AEC002046FFF7E9FD002807DB29462046FFF7D3
:101AFC008BFF0028F0D16FF01500394B0390029347
:101B0C00002301221846CDE90033364905F09AF935
:101B1C00E2E7867820680123314607AA1430FFF7E4
:101B2C001DFC034648B9304A2E49CDE90102039603
:101B3C000122009005F086F9DDE704F144074FF02F
:101B4C00FF324FF0FF33384604EB450503F0F6FB4C
:101B5C003846A5F8BC6005F0A0F9244804F15801FA
:101B6C0009B0BDE8F04306F094BB8778D4F8009038
:101B7C000123394606AA09F11400FFF7EFFB2946A9
:101B8C0006462046FFF740FF804606B160B9184B69
:101B9C00012202930023CDE903751846CDE90033E9
:101BAC00104905F04FF9A6E73946D9F8300004F092
:101BBC00B6FFD8F8003030469A691D690699A847D7
:101BCC003946D9F8300007AA04F0C9FF079B002B4F
:101BDC0082D101223146204605F061F97CE700BF35
:101BEC0017A4030E8899030E0CA3030EA003002F59
:101BFC00ECA3030E10B50024084B86B0039303AB83
:101C0C0000934FF4A0624FF0FF3305490548CDE92E
:101C1C00044403F0B7FD204606B010BD44A4030EE7
:101C2C00E80B002F4804002F10B50446006805F09F
:101C3C0093FA00280BDB0D220549206805F0BAFA4F
:101C4C00002804DB0D28B4BF6FF01500002010BD78
:101C5C008EAD030E024802F1280106F01ABB00BF3C
:101C6C004804002F2DE9F0410446A2B000F1140500
:101C7C00D5E8AF6F731E052B26D8DFE803F0713261
:101C8C000325717150F8240C0DF1060202A905F020
:101C9C0005FB30BBBDF806200D2A22D167490298FE
:101CAC0006F00BFDE8B9A4F12800FFF7BDFF70B1F9
:101CBC0054F80C3CDB681BB154F8081C604898477E
:101CCC000021284605F095F922B0BDE8F0810121EC
:101CDC00284605F08EF9012554F8040C05F091F90D
:101CEC0082E054F8280C05F08CFB228A83B29342D4
:101CFC0006464FEA104731D0EBB154F8280C05F0EA
:101D0C002BFA00280EDA54F80C3CDB681BB154F8A3
:101D1C00081C4B4898470421284622B0BDE8F041E6
:101D2C0005F067B9618A54F8240C268241EA064111
:101D3C0005F072FB0123628A974279D1228A002A2C
:101D4C0076D00621284605F054F954F80C3C1B6853
:101D5C00002BC0D054F8080C9847BCE70023EAE7E6
:101D6C00002250F8240C114605F0D1FA471E7F2FA3
:101D7C001DD8802254F8240C02A905F0C8FA062EAE
:101D8C0080463BD154F8280C05F03BFB238A80B2EB
:101D9C00984211D00421284605F02BF954F80C3C3C
:101DAC005B68002B90D054F8080C98478CE7062EF3
:101DBC008AD14FF00008E5E77F2F85D854F80C3C0A
:101DCC009B6823B1414654F8082C02A8984700267A
:101DDC00002254F8240C114605F099FA051E18BF80
:101DEC000125002E7FF478AF002D3FF46DAF214616
:101DFC00144822B0BDE8F04106F04BBA012EDDD1FB
:101E0C000C287FF661AF0D220C4802A906F055FC98
:101E1C0000287FF459AF0521284605F0EAF854F85C
:101E2C000C3C1B6813B154F8080C98470126CFE7FB
:101E3C00002B3FF449AF00254EE700BF8EAD030EDB
:101E4C0050A4030E4804002F2DE9F8430D46017CE5
:101E5C000746012991461C4605F13C060DD1D6E8F2
:101E6C00EF3F002B03D1C6E8E21F002AF7D135D093
:101E7C006FF077042046BDE8F883304605F0B9F8DA
:101E8C005FFA80F8C5E907946F6205F1080006F067
:101E9C008CF9686805F082F9041E28DB3B7C012B69
:101EAC001FD0286805F0ADFA040C286805F0A9FAD3
:101EBC00002381B22B87013189B2A142FBD00029CA
:101ECC00F9D06868698705F0A7FAB8F1000F13D04C
:101EDC00384605F096F8041ECCDA08E04FF00008FE
:101EEC00D0E72846FFF7A0FE04460028EDD00021DD
:101EFC00304605F07EF8BDE70F4905F1280006F0E5
:101F0C00ACF9D7E9020183685C6814B96FF0570427
:101F1C00EDE72B46094AA04704460028E7D1D7E94C
:101F2C00020183681B69002BF0D0012298470446FC
:101F3C000028CDD0DBE700BF711C030E611C030E23
:101F4C002DE9F84F814632480F4605F071FA0646E6
:101F5C0000284FD0BDE8F88F237B8BB12368DB685A
:101F6C000BB120469847636883F806A023681B6969
:101F7C00002B37D1636804222046196805F079FAE2
:101F8C00013610345C45E7D3B9F1000FE2D04FF0C5
:101F9C00010A002DDED0A94695FAA5F4B4FA84F412
:101FAC000AFA04F3260108EB04146FEA030B25EA82
:101FBC000305237B63B158F806301B6913BB4644F9
:101FCC00736804222046196809EA0B0905F051FAD6
:101FDC00002DE1D127B140F23910002106F0F7F9BC
:101FEC004D46D6E7204698470028C3D00AFA06F398
:101FFC001D43C5E7074C0546A0464FF0010ADFF824
:10200C0018B0BFE7204698470028E1D1D7E700BFBA
:10201C008807002FF099030E009A030E014B53F81A
:10202C0020007047689B030E08B5034608462BB189
:10203C00044A136000F048FA002008BD6FF0150048
:10204C00FBE700BFA001002F00230C4A10B5137052
:10205C000B4A0C4913600C4A0C481360FFF7E4FF61
:10206C000B4B0C4918468B4200D310BD1A1A5C68F6
:10207C001211013222711033F5E700BFD209002F83
:10208C008007002F40420F008407002F3974030E85
:10209C00F099030E009A030E70B50B4D297841B9D7
:1020AC000120FFF74DFF094C094EB44202D3012326
:1020BC002B7070BD63685B791BB1236820469B68ED
:1020CC0098471034F1E700BFD209002FF099030EA6
:1020DC00009A030E10B50446064805F0A9F93CB168
:1020EC00054BD3E8EF1F0139C3E8E21F002AF8D1F2
:1020FC0010BD00BF8007002F8407002F70B50A4B5E
:10210C0005461B689847094C094EA860B44200D399
:10211C0070BD63685B7923B12368294620461B6830
:10212C0098471034F2E700BFA001002FF099030E7E
:10213C00009A030E044A054B9B1AB1EBD30F34BF24
:10214C0052F83100002070477099030EF099030E7D
:10215C002DE9F04F87B004AF0546D7E90EBA884693
:10216C00144699463E6BBBF1000F1ED0C7F804A075
:10217C00CDF800A010215B4600207A6BFEF754FED0
:10218C00B0F5006F014612D340F2FF7303931A4B64
:10219C0002220293002319491846CDE9003305F0B9
:1021AC008AF90C37BD46BDE8F08F5946584604F005
:1021BC00070205F00704E40044EA821444EA4024D0
:1021CC0044EA065417360E4426F00706ADEB060D0E
:1021DC0004ADBBF1000F07D0CDF800A05B467A6BC5
:1021EC0005F11000FEF720FE4B46224641462846DC
:1021FC0005F048F9D5E700BF78A4030E9899030EB3
:10220C00406820B1034BC01A40F3CF0070474FF029
:10221C00FF3070477099030E0EB403B503AB53F83F
:10222C00042B01460448019301F0ECF802B05DF870
:10223C0004EB03B0704700BFFF74030ECA0605D44D
:10224C008B064CBF02490349FFF7E6BF704700BF3E
:10225C00B1A4030EB0A4030E2DE9F04F87B09DF886
:10226C00489004460D469846DDF850A0169F0492FF
:10227C00B9F1000F00F0B08007F48073059305F0FE
:10228C00F6F807F0020B0246002874D020467A4973
:10229C00FFF7C2FF0646BBF1000F08D017F0440F42
:1022AC006BD12A4620467549FFF7B6FF064407F066
:1022BC00010353B1724B204653F82920714B7249DC
:1022CC00002A08BF1A46FFF7A7FF07F48073002BFC
:1022DC0007F0080318BF4FF00008002B79D06B4BA8
:1022EC00204653F829206A49FFF796FF0546049BC0
:1022FC002BB11A4620466749FFF78EFF0544B8F10B
:10230C00000F05D0424620466349FFF785FF054480
:10231C0062483544139B1BB12246614904F009FB0A
:10232C00159B002B00F08D80DDF854803946B8F1F8
:10233C00100F204628BF4FF010080026FFF77EFF35
:10234C00B5424FDC0026334620461AF80320554987
:10235C00FFF762FF0136102E4AD0710703D12046D9
:10236C005149FFF759FFB0453346EDD820464F4948
:10237C00FFF752FFEEE706468DE74D4B1868002835
:10238C0094D04C4B4FF47A7B1B684FF03C0CB5FB54
:10239C00F3F5B5FBF0F14FF4616300FB11550BFB4A
:1023AC0005F5B1FBF3F2B5FBF0FE03FB121100FBDC
:1023BC001E55B1FBFCF30BFB05F5B5FBF0F50CFB67
:1023CC00131120460091CDE901E53B49FFF724FFAD
:1023DC006CE707F008058AE7012B4D460CBF2F4828
:1023EC00364897E720463049FFF716FF0136A7E736
:1023FC00002620463249FFF70FFF33461AF8032018
:10240C002046A2F120035F2B28BF2E222D49FFF777
:10241C0003FF0136102E0DD0720703D1204622493E
:10242C00FFF7FAFEB0453346E8D820461E49FFF7C1
:10243C00F3FEEEE7159BC244B3EB080315937FF450
:10244C0073AFB9F1000F0AD0FB0704D520460D4A33
:10245C000D49FFF7E1FE39462046FFF7EFFE6268B3
:10246C00A168D2E90023206805F035F800226368E2
:10247C001A6007B0BDE8F08FB8A4030EBCA4030E1D
:10248C00789B030EB3A4030EED9E030E8C9B030EE0
:10249C00E1A4030EE7A4030EEBA4030EFF74030EDA
:1024AC001134030EF0A4030EF8A4030EF6A4030ECD
:1024BC009007002F8C07002FC5A4030E1B75030E6D
:1024CC00FAA4030EFCA4030E00210123064A904239
:1024DC0006D8064A01B901231360054B18607047F2
:1024EC00012140085B00F2E740420F008C07002FEF
:1024FC009007002FF8B50D460446064F4618B44217
:10250C0001D12846F8BD14F8011BBB6801485B6873
:10251C009847F4E76C89030E014B03600120704768
:10252C00D49B030E08B50348034A0021121A05F088
:10253C0066F808BDA003002FE409002F074808B572
:10254C00074A0849121A05F05CF8BDE8084006482D
:10255C00064A0749121A05F054B800BF0000002FB4
:10256C00A003002FC0AD030E0000002F0000002FB1
:10257C00C0AD030E70B506460D4686B0002938D0A6
:10258C0000248B68012205934B68204604930B684A
:10259C0023490393234BCDE900440293234605F0D2
:1025AC0032F86B69012205932B6920460493EB6882
:1025BC001B4903931C4B0094CDE90143234605F0C2
:1025CC0022F8EB6901220393184B2046CDE9014315
:1025DC0013492346009405F016F8AB6901220393C6
:1025EC00134B2046CDE901430D492346009405F0D9
:1025FC000AF8012E0DD1EFF30583103B03930D4B1D
:10260C0032460293002306491846CDE9003304F004
:10261C00FAFF2946304606B0BDE8704002F036BCE1
:10262C00C099030E49A5030E78A5030EA7A5030EAA
:10263C00B6A5030EE4A5030E30BFFFF7FDBF00BF28
:10264C002DE9F04105460B4EDFF82C80324606EBA7
:10265C000807CC1B2046094906F01AF8A019424677
:10266C000021083C06F021F8AC6707F10800BDE832
:10267C00F08100BF0000000004000000009A030E6F
:10268C001FB500243E4B3F490293012223462046AE
:10269C00CDE9004404F0D2FF3B4B9B6A99016DD508
:1026AC003A4B2046CDE9014301222346354900949B
:1026BC0004F0C4FF1E20344B9B6ADA010AD5344B5C
:1026CC000122029300232F491846CDE9003304F070
:1026DC00B5FF1F202C4B9B6ADB020AD52D4B012228
:1026EC000293002327491846CDE9003304F0A6FFD6
:1026FC000220254B9B6A1C030AD5274B012202930F
:10270C00002320491846CDE9003304F097FF21201F
:10271C001D4B9B6A59030AD5204B012202930023BF
:10272C0018491846CDE9003304F088FF2220164BD7
:10273C009B6A9A030AD51A4B012202930023114972
:10274C001846CDE9003304F079FF23200E4B9B6A29
:10275C00DB030AD5134B01220293002309491846C7
:10276C00CDE9003304F06AFF2420074A936A6FEA2C
:10277C0003436FEA1343936204B010BD1D209AE724
:10278C00F7A5030EC099030E00ED00E00FA6030E93
:10279C0022A6030E3CA6030E66A6030E84A6030E09
:1027AC00A9A6030EC3A6030EF0B50024434B85B0B7
:1027BC000293074623460E4601222046CDE90044EB
:1027CC003F4904F03BFF3F4B9B6ADB0465D53E4B16
:1027DC002046CDE90143012223463949009404F0F7
:1027EC002DFF1720374B9B6A1D050AD5374B01224D
:1027FC000293002332491846CDE9003304F01EFF42
:10280C001820304DAB6A9C051FD50024304B01229B
:10281C0020460293CDE900442346294904F00EFFDB
:10282C00AB6BAA6A10040FD503932A4B0122CDE996
:10283C000143204623462249009404F0FFFE1FB1B9
:10284C00AB6A23F40043AB6219201E4B9B6A5905FB
:10285C000AD5214B01220293002319491846CDE9D0
:10286C00003304F0EBFE1A20164A936A13F48073BB
:10287C0015D01A4B01220293002311491846CDE9B9
:10288C00003304F0DBFE1B200E4A936A43F47F43B3
:10289C0093620023337005B0F0BD1620A2E7926A54
:1028AC009204F1D50E4A1846CDE9013204490122B1
:1028BC00009304F0C3FE1C20E6E700BFEEA6030E57
:1028CC00C099030E00ED00E004A7030E15A7030E3C
:1028DC0028A7030E41A7030E56A7030E71A7030EDC
:1028EC0089A7030EF0B50024414B85B0029307462F
:1028FC0023460E4601222046CDE900443D4904F012
:10290C009DFE3D4B9B6ADD066FD53C4B2046CDE9C9
:10291C000143012223463749009404F08FFE112015
:10292C00354B9B6A1C070AD5354B012202930023B9
:10293C0030491846CDE9003304F080FE12202E4DAC
:10294C00AB6A99071FD500242E4B01220293204617
:10295C002346CDE90044274904F070FE6B6BAA6A4C
:10296C0012060FD50393284B0122CDE901432046D3
:10297C0023462049009404F061FE1FB1AB6A23F09A
:10298C008003AB6213201C4B9B6ADD070AD51F4BDF
:10299C0001220293002317491846CDE9003304F0B5
:1029AC004DFE1420144B9B6A9C060AD5184B012231
:1029BC00029300230F491846CDE9003304F03EFE84
:1029CC0015200D4B9A6AD10658BF9A6A9A6A9206DC
:1029DC0042BF5A6A22F400525A629A6A42F0FF02CB
:1029EC009A620023337005B0F0BD102098E700BF49
:1029FC00B8A7030EC099030E00ED00E0CEA7030E9E
:102A0C0015A7030E01A8030E19A8030E2FA8030E79
:102A1C0089A7030E2DE9F041794B0446D3F80480C5
:102A2C0090B00023C8F3080683F31188BFF36F8FAF
:102A3C0002F07F40B0F17F4F0CD102F00C0008285F
:102A4C0018D1704A1846CDE901326F490122009322
:102A5C0004F0F4FD00252C460027F31E8DF81F70A2
:102A6C00092B00F2B580DFE803F00BA9ADA5B3B3D9
:102A7C00B3B3B3B1120746BF0C461D460125EBE7B5
:102A8C00624B0122CDE9017300235F491846DFF840
:102A9C007081009704F0D2FD8DF81F70D8F82C606F
:102AAC0016F0020604D05A4BCDE90173009707E0EB
:102ABC00D8F82C30002B0BDA564B0096CDE901637D
:102ACC00002301221846504904F0B8FD002239E0D9
:102ADC00D8F82C305B00F9D54F4B0122CDE90163BE
:102AEC00304633464849009604F0A8FDD8F8143017
:102AFC00A26943F48073C8F81430BFF34F8FBFF34F
:102B0C006F8F32F8023CD8F8142022F48072C8F887
:102B1C001420BFF34F8FBFF36F8F03F47F42B2F5D6
:102B2C005F4F2FD1DBB2022B2CD1236801220393F0
:102B3C003A4B3046CDE9016333493346009604F0F5
:102B4C007DFD22689DF81F30CBB908AE04F120073B
:102B5C00334620686168083403C3BC421E46F7D173
:102B6C000F9B002D48D0C3F3080121B96FEA532302
:102B7C006FEA43230F93104608A9FFF7FBFC10B034
:102B8C00BDE8F0811E4B9A6AD2B22AB101200DF138
:102B9C001F01FFF7A7FE0FE09A6A12F47F4F05D0D2
:102BAC0001200DF11F01FFF7FFFD05E09B6AB3F556
:102BBC00803F8BD3FFF764FD0246C3E700200DF185
:102BCC001F01E6E700200DF11F01ECE7144B6BE74A
:102BDC00144A18F4F87F144B08BF1346103ECDE985
:102BEC000336124B01220293002307491846CDE904
:102BFC00003304F023FD69E76FF30803BAE700BF65
:102C0C0000ED00E07CA8030EC099030EA7A8030EEC
:102C1C00BEA8030EDFA8030EEDA8030E0CA9030E2D
:102C2C0028A9030E4EA8030E63A8030E4CA9030E8D
:102C3C00064B5A6942F010025A615A6942F480629A
:102C4C005A615A6922F008025A61704700ED00E09F
:102C5C00EFF30880EFF3098101B57246FFF7DAFE56
:102C6C0001BD00BF002080F31488BFF36F8F0020DC
:102C7C0080F30A8880F30B880F4880F3088801F0F2
:102C8C0017FB00200D490860BFF34F8F00F02CF8A4
:102C9C00202080F311880A484FF40061401880F31B
:102CAC000988EFF314800221084380F31488BFF3E2
:102CBC006F8F00F097F800002822002F94ED00E0B1
:102CCC00E810002F002318460649D1F89020C2F3D3
:102CDC000722934200DB7047C1F89830C1F8A0007E
:102CEC000133F6E700ED00E010B572B6002484F372
:102CFC001388FFF7E7FF23464FF0FF300C4A03F130
:102D0C0020010133102B42F82100F8D100234FF0A1
:102D1C00FF30074A03F160010133102B42F8210008
:102D2C00F8D162B6BFF34F8FBFF36F8F10BD00BFEA
:102D3C0000E100E01EF0040F0CBFEFF30880EFF38E
:102D4C000980816911F8021C0229FFD001B5724675
:102D5C0004F069FC01BD00BF00B2002807DB0123B1
:102D6C004109034A00F01F00834042F821307047AC
:102D7C0000E100E000B200280CDB01220649430907
:102D8C0000F01F008240203341F82320BFF34F8F07
:102D9C00BFF36F8F704700BF00E100E000B2002866
:102DAC0001F10101ACBF00F16040064B4FEA41114B
:102DBC00C9B2ABBF00F5614000F00F0080F8001302
:102DCC001954704714ED00E0044B054A23F07F03BF
:102DDC009360BFF34F8FBFF36F8F70470000030EEC
:102DEC0000ED00E008B5FFF7EFFF074AD2F8883096
:102DFC0023F47003C2F88830FFF794FBFFF79EFBB7
:102E0C0000F09CF802F054F900ED00E042F8203C90
:102E1C00009B0B4942F81C3C019B21F0010142F83C
:102E2C00183C029B42F8081C42F8143C4FF080738B
:102E3C0042F8043C0023203A0265C367704700BF88
:102E4C00A511030E00B50D4B15469860826F0C4B07
:102E5C000E461A60836E83F30B882C4686F3098822
:102E6C000020044B98472046002100220023024CEE
:102E7C00204700007F76030EA511030E9C09002F3E
:102E8C00B807002F1022014B1A61704700ED00E0CB
:102E9C00054B5A699B689A421FBF044A536843F01A
:102EAC0080535360704700BF9C09002F00ED00E079
:102EBC00084B9B6883420BD1EFF3058343B1064B60
:102ECC005A6842F080525A605A6A22F400425A629E
:102EDC0002F056BF9C09002F00ED00E014498A68EF
:102EEC004FF030001044EFF3098C80E8F01F2020E5
:102EFC0080F31288BFF36F8F0E4F4FF000664A6954
:102F0C008A603E60906F0C4C2060D06F0023D367BA
:102F1C0080F3118802F1300090E8F01F8CF30988DF
:102F2C0002F1000004B504F09DFBBDE804407047BD
:102F3C009C09002F04ED00E0B807002F002320208F
:102F4C0040F2D71210B5044CE1180133934281F8CA
:102F5C000003F9D110BD00BF00E100E008B5EFF3AC
:102F6C000583064A103B02EBC30152F83300496853
:102F7C008847BDE80840FFF78BBF00BF4C8A030EA3
:102F8C000148006870470000B807002F1FB50121E9
:102F9C00094B0A4A0A4800F01DF90023064A03931C
:102FAC00084B0121019301A8D31A029300F01CF9DC
:102FBC0005B05DF804FB00BF00E00B2F0000002FF4
:102FCC00E49B030EA003002F0A7A0B6810B562F382
:102FDC0004031C46CB68520923F01F0343EA420347
:102FEC00044A43F00103C2F89800C2F89C40C2F8AE
:102FFC00A03010BD00ED00E01FB50E4B0446D3F819
:10300C009030C3F30723013B98420FD90A4B03902E
:10301C000293002301221846CDE90033074904F03E
:10302C0045FB6FF01504204604B010BDFFF7CCFF34
:10303C00F9E700BF00ED00E063A9030EB099030EA1
:10304C002DE9F04F8946144606464FF00008524DC4
:10305C0089B0C8452DDAD6F804A0BAF1000F4AD0D1
:10306C00BAF11F0F17D91AF01F0F14D1D6F800B0F0
:10307C001BF01F0F0FD1584604F00FFB07460AEB4D
:10308C000B00013804F009FB874216D06FF01507CE
:10309C00424B039702E0424BCDF80C800293002385
:1030AC0001221846CDE900333E4904F0FFFA6FF0D7
:1030BC001504204609B0BDE8F08F17F1160FE7D0C4
:1030CC00BC42E5DDC5F89870D5F89C10C5F8987031
:1030DC00D5F8A03021F01F0143F01F0BD6E90032C8
:1030EC001A44994202F1FF3A1AD1D34507D131461D
:1030FC00F8B204F0EBFA08F101080C36A9E73146F6
:10310C00C5F89870D5F89C30E0B263F30402C5F8AA
:10311C009C2004F0DBFA10F1160FC8D0441CEAE72F
:10312C00C5F89870D5F8A020013B23F01F0302F0DE
:10313C001F021343D3453146E0B2C5F8A030E8D0A6
:10314C0004F0C4FA10F1160FB1D0C5F89870D5F888
:10315C009C209DF818300BF1FF3B62F304038DF8B3
:10316C001830D5F8A0309DF818205B0863F347128F
:10317C008DF81820D6E900321344049323F01F0372
:10318C005B44A3EB0A03013023F01F0304A9C0B274
:10319C000793FFF731FFBEE700ED00E0AFA9030E88
:1031AC0089A9030EB099030E0522044BC3F8942091
:1031BC00BFF34F8FBFF36F8F704700BF00ED00E080
:1031CC00BFF35F8F0022024BC3F89420704700BFFF
:1031DC0000ED00E010B5034C2278FFF731FF2070B2
:1031EC0010BD00BFD409002F2DE9F74F294D8A4699
:1031FC0006464FF00008AB46274FD0451BDAD6F8F1
:10320C000490B9F1000F3FD031680846019104F0E9
:10321C0044FA0199044609EB0100013804F03DFA27
:10322C0084424FF014021D4B08D002FB08F36FF0E0
:10323C0015024BF8032003B0BDE8F08F14F1160F04
:10324C002C60F8D01978A142F5DD02FB08B0C7F864
:10325C009840C7F89840D7F89C4000F10801007BD3
:10326C0064F304000871D7F8A0000C79400860F3EF
:10327C0047140C71D7F89C1021F01F016960D7F826
:10328C00A01021F01F01296108F1010814350C363A
:10329C00B3E700BFBC07002F00ED00E0D409002FFE
:1032AC00F0B55349534DD1F890302C68C3F3072334
:1032BC009C4287B000F299800020FFF781FF4E4BB3
:1032CC00C1F8C030844216D14C4D01A82C70FFF7C8
:1032DC0023F9002607464A4CB74213D100202B781D
:1032EC004349D1F89020C2F30722934277DBFFF7D2
:1032FC005BFF002046E0696801EB0011FFF764FEFC
:10330C000130DFE70199300101EB0613DA68224046
:10331C00B2F1807F52D00AD8B2F5001F34D0B2F58A
:10332C00800F3ED0B2F5801F12D00136D4E7B2F137
:10333C00006F43D0B2F1805FF7D15A689B6809588F
:10334C00013B22F01F00034423F01F03012032E055
:10335C005A689B680958013B22F01F000344012066
:10336C00844623F01F0340EA4C10CDE902218DF86E
:10337C00100002A928780593FFF73EFE00282ADAF0
:10338C006FF0150007B0F0BD5A689B680958013BF7
:10339C0022F01F0003444FF0020C012023F01F0306
:1033AC00E1E75A689B680958013B22F01F0003446F
:1033BC00062023F01F034FF0000CD4E75A689B68DB
:1033CC000958013B22F01F0003444FF0030C01206D
:1033DC0023F01F03C7E72B7801332B70A5E7C1F847
:1033EC009830C1F8A00001337BE74FF0FF30C9E7FC
:1033FC0000ED00E0F09B030EAAFF4400D409002F5F
:10340C000000F0FFF0B587B007460E4614460021C9
:10341C00102268461D4605F048F902238DF802304B
:10342C00054B2A4621466846CDE90476019302F005
:10343C004BFF07B0F0BD00BF0B77030E08B5024B76
:10344C001B689847002008BDD007002F034B044A87
:10345C001860937843F0020393707047D007002FE5
:10346C00AC01002F08B50649064821F00701C1F14F
:10347C003C5202F53E2203F00AFA002008BD00BFC0
:10348C004F27002FD407002F70B586B000F004F939
:10349C0000F0EAF800F05EF81422194B6D46D3F8F0
:1034AC00CC03D3F8E413D3F8C843164BE4B2C3F8F7
:1034BC0068240122C3F88024C3F84044002489B254
:1034CC0080B2114EC3F84404C3F84814C3F85044F6
:1034DC00C3F880445A615A6100F0A0F80FCE0FC5B2
:1034EC0096E803006A4685E803002346204652F816
:1034FC00041B0133062B0864F9D106B070BD00BF64
:10350C0000E0FF0F00D00052009A030E48B1054BAB
:10351C00054A1B68B3FBF2F35843044B43F0010319
:10352C0018477047C802002F40420F00309A030E14
:10353C00BFF34F8F0549064BCA6802F4E062134390
:10354C00CB60BFF34F8F00BFFDE700BF00ED00E085
:10355C000400FA0508B51021114800F027F8114AAB
:10356C00D2F8903423F00103C2F890340E4BD3F808
:10357C00082522F00602C3F80825D3F8182522F0F6
:10358C000602C3F81825D3F8082542F00102C3F847
:10359C000825D3F8182542F00102C3F8182508BDF8
:1035AC00E007002F00E0015200200152012970B504
:1035BC00044624D0102921D1154DEFF31186202378
:1035CC0083F31288BFF36F8F00232A68CAB93BB903
:1035DC00104AD2F8903423EA01030B43C2F890341A
:1035EC002146284604F096F8002323606B685BB9EB
:1035FC00C5E9004486F31188BFF36F8F70BD064D8B
:10360C00DBE712680133E1E71C606C60F2E700BF96
:10361C00E407002F00E00152EC07002F0F4810497F
:10362C0020F003000F4BC0F13F5202F598324B6172
:10363C001346002AB8BF02F11F035B11033323F0BA
:10364C000303B2FBF3F288600B6102FB030001235E
:10365C00C860C1E9073100208A6170470820C12F7A
:10366C00F407002FF89B030E0122024BC3F804242D
:10367C00704700BF003008E002460B4601480021AD
:10368C0004F068B8003008E002460B4601480121FE
:10369C0004F060B8003008E00122024BC3F80424A7
:1036AC00704700BF002008E008B5074804F02BFD68
:1036BC0038B10648FFF7CAFE0448FDF767FD002045
:1036CC0008BD6FF01200FBE76C89030EDD36030EAC
:1036DC000A2838B50446074D04D1AB680D2128469D
:1036EC005B689847AB6803485B68E1B29847204633
:1036FC0038BD00BF6C89030E2DE9F04740F206354A
:10370C004668D00648BF4FF0030C337C02EA05052F
:10371C0058BFC2F3401C86B001F01F07B5F5837F7C
:10372C00144647EA43178DF803C04CD00DD8062D2C
:10373C004BD005D8A5B1022D12D06FF015003FE08B
:10374C00B5F5807FF9D101250AE040F202229542BD
:10375C003DD0B5F5407F3CD0B5F5007FEDD10425CB
:10376C004FF00108736808FA01F82203C3F8488087
:10377C0031D57368C3F80480B06890BBB7F5A07FEF
:10378C0007F01F034FEA571177D23E4A52F8212017
:10379C00C4F3004102EB8302D2F8803081F00101C6
:1037AC00C4F3404423F4706344EA410423F00F0350
:1037BC001C4344EA8C0444EA0524C2F880400020EF
:1037CC0006B0BDE8F0870925CAE70825C8E7062535
:1037DC00C6E70525C4E7630344BF7368C3F80880D4
:1037EC00CAE739460DF1020204F0A9FB14F4403F7C
:1037FC0081460CD13946B06804F0D6FBB9F1000F04
:10380C00DDD19DF80210B06800F06CFED7E74FF0E8
:10381C00000A01ABCDE901AACDE9043ACDF80CA020
:10382C003946B06803AA04F0C9FA5045C7DB14F452
:10383C00003317D09DF80330C4F3004484F0010426
:10384C008DF80E308DF80C508DF80D4053463946DE
:10385C00B06803AA00F0C8FD7368C3F84480002860
:10386C00CCDAACE7CDE904330DF10303039339460D
:10387C00B06803AA04F0A2FAF1E7203350F8233021
:10388C00FFDE00BF0C9C030E4209034670B502D04C
:10389C00092A17D070BD0D4E326951680029F9D034
:1038AC00012503F01F030C689D400029F2D08A68A3
:1038BC002A4002D030464B6898472CB123682146E9
:1038CC001C46F2E7024EE7E72346F8E75089030E61
:1038DC003489030E38B54568A86890B104F05EFBD6
:1038EC00014670B9A86804F03DFB044658B902467D
:1038FC000649A86804F020FB224601216920FFF745
:10390C004DFA002038BD6FF00400FBE79538030E2C
:10391C00F0B545681646A8682A7C01F01F0487B0EC
:10392C0044EA4214002869D0B6F5001F04D12146A0
:10393C0004F08CFB002052E00020B6F5800F01AAA9
:10394C00019050603AD1B3F1007F14BF05230423DA
:10395C008DF804300023CDE904230393EB680DF1BB
:10396C00030723FA01F111F001013AD1B6F1A07F5E
:10397C0037D104F01F03B4F5A07F4FEA541003F1C4
:10398C0020033ED2204A52F8202052F82330DB0785
:10399C0027D43A462146A86804F0D1FA163018D03C
:1039AC0002972146A86803AA04F008FA002816DB3F
:1039BC0001222146A86804F0F9FABBE7B3F1C06F05
:1039CC0005D0B3F1007F14BF01230223C0E703230A
:1039DC00BEE73946A86800F08BFD0028E0DA07B096
:1039EC00F0BD3A462146A86804F0A9FA0028D8D1BF
:1039FC009DF80310A86800F075FDD2E76FF0850004
:103A0C00EDE751F82330FFDE0C9C030EC0B22DE91C
:103A1C00F84303282CD8DFE800F0021F2327154BAE
:103A2C00D3F80C530024144FDFF85080DFF850907B
:103A3C0025FA04F3DB070AD5002358F8246047F86D
:103A4C00243026B1214659F824200E48B0470134C1
:103A5C00202CEDD1BDE8F883064BD3F81C53E1E7DD
:103A6C00044BD3F82C53DDE7024BD3F83C53D9E786
:103A7C000025D7E700A0095F00A1095FC008002F4F
:103A8C004008002F8889030E1F299FBF054840F866
:103A9C002120054A002094BF42F821306FF0150018
:103AAC00704700BFC008002F4008002F1F2970B5B9
:103ABC0002D96FF0150070BD012303FA01F1002348
:103ACC001846224D224C55F8046BA6B10E4212D06A
:103ADC00206800EA0106F2B1A6BB0843022B206065
:103AEC001C4812D0032B13D0012B14BFC0F80413A5
:103AFC00C0F8141301200133DBB2042B04F10404CD
:103B0C00E1D10028D5D00020D5E7C0F82413F1E787
:103B1C00C0F83413EEE7AEB120EA0100022B2060AE
:103B2C000C4809D0032B0AD0012B02D0C0F8081383
:103B3C00E0E7C0F81813DDE7C0F82813DAE7C0F89F
:103B4C003813D7E76FF07700B5E700BF5C9C030E26
:103B5C003008002F00A0095F002318460F4A1049B7
:103B6C0010B502F58072C2F80812C2F81832C2F809
:103B7C002832C2F8383221FA03F4E40748BF42F87D
:103B8C0023000133202BF6D1002201216020FFF706
:103B9C0005F96020FFF7E0F8002010BD00A0095FD8
:103BAC0041600400036803F01F02B3F5A07F0260BC
:103BBC004FEA53123ABF024B53F8220000207047D1
:103BCC00809C030E2DE9F04F9046064640F2FF1AFA
:103BDC005A4F85B000EB8109B14503D1002005B0E7
:103BEC00BDE8F08F3268C2F3C323082BC2F308047C
:103BFC0000F2A1805249544508BF4FF0FF34CB5C12
:103C0C00B2F1D05F00934FEA126314D2152B04D893
:103C1C00032B09D96FF08500E1E7173B022B6FD816
:103C2C00DFE803F076797C00013B022B0CD8DFE84F
:103C3C0003F05A6164002F2B57D0382B01D02E2B58
:103C4C00E8D14FF0010B52E0C8F804464FF0010BDD
:103C5C005D46631C45D0012103A80394FFF7A2FF26
:103C6C00039B01FA03F38364681C09D0039403A833
:103C7C00002D56D1FFF796FF039D01FA05F58560DF
:103C8C00336803A81A0452BF5D4601254FF0000BA0
:103C9C0001930394FFF786FF039B00EB8300019BCA
:103CAC00D0F880C0C3F3412E009B0CEA070C1B021A
:103CBC0043EA8E0343EA0B0343EA0C0343EA45034E
:103CCC00C0F8803031680B0432D503A80394FFF799
:103CDC0069FF01230021039A93404364204603F0BB
:103CEC0013FE043678E7C8F80C464FF0000B4FF083
:103CFC00FF35AEE7C8F81046A8E7C8F80846F4E761
:103D0C00C8F8604575884FF0010B05F00105A0E778
:103D1C00C8F86445F6E7C8F86845F3E7C8F86C4599
:103D2C00F0E7FFF73FFF039D01FA05F34360A7E7B8
:103D3C00C1F34041D2E76FF0150050E7F0F0FCFF03
:103D4C009BAD030E0278024B1A70024801F0B8BB0F
:103D5C00DF09002F6C03002F7FB50BAB059303938A
:103D6C00054B0122029300231846CDE90033FEF7E0
:103D7C00EFF907B05DF804FB65AA030E10B500223D
:103D8C0086B000F091FE044680B11C4B04931C4B92
:103D9C0003931C4B02930023CDE9003318460122F8
:103DAC001949FFF7D9FF6FF0040017E043F60952E9
:103DBC000023164801F0B8FB002811DA144B2046FA
:103DCC0004930F4B012203930E4B0F49CDE9014392
:103DDC0000942346FFF7C0FF6FF0730006B010BDD0
:103DEC000C4B18780028F9D00B4B00940493044B1F
:103DFC000393044BCDE901432346CFE7BAA0030E4E
:103E0C006BAA030E65AA030EB899030E6C03002F60
:103E1C007EAA030EDF09002F88AA030E034B1B7822
:103E2C0013B1034801F04CBB704700BFE009002FF1
:103E3C005C03002F054B1B7833B14FF0FF324FF072
:103E4C00FF33034801F070BB704700BFE009002F3F
:103E5C005C03002FF0B54FF0FF304FF0FF3187B00F
:103E6C0000F044FF10F0FF0512D01D4B04931D4BC6
:103E7C0003931D4B02930023CDE900330122184616
:103E8C001A49FFF769FF6FF00405284607B0F0BD2B
:103E9C00174800F0E7FD044648B1114B0095049318
:103EAC00144B0393104BCDE901532B46E6E7FFF778
:103EBC00C1FF0127104E56F8042B1369526819786C
:103ECC005F7031B10134052CF5D10025FFF7A6FF49
:103EDC00DBE71078FFF752FF05460028F2D0F5E734
:103EEC00BAA0030E91AA030E65AA030EB899030E8D
:103EFC00513D030EA9AA030EA89C030E2DE9F04117
:103F0C0004460D46476804F0E9F988B12021EFF327
:103F1C0011831A4681F31288BFF36F8F60680068B3
:103F2C00D0F83001D0B983F31188BFF36F8FEEE76F
:103F3C001E4B1B78002BE9D04FF0200864266368D9
:103F4C001B68D3F83031FBB9012003F0F8FD013EBA
:103F5C00F5D10021202004F03AFAEFE7BB6A0020EB
:103F6C001D706368B96A1B68C3F83C170121C3F85C
:103F7C004017C3F83001D3F83001196582F311886A
:103F8C00BFF36F8FBDE8F081EFF311831A4688F30E
:103F9C001288BFF36F8F61680968D1F8301100295E
:103FAC00DCD183F31188BFF36F8FD2E7E009002FC8
:103FBC0070B40F4CD4E90015501A63EB0506400998
:103FCC0040EAC6602026E0FB0615C4E90015002473
:103FDC0000250849C1E90023074BC3E90045EFF36D
:103FEC00118186F31288BFF36F8F70BC02F0B6B8E4
:103FFC001005002FF804002F0805002F00220121C6
:10400C006D2008B5FEF7CAFE002000F0ADFB0028BD
:10401C001FDB104804F01CF800281ADB00F07EFBB4
:10402C000D4B20F01F00C3E900010C4B0022C3E92B
:10403C0000014FF0FF304FF0FF31094BC3E9000195
:10404C00084B0949187A00F079FB10220020074B25
:10405C001A6008BDC402002F1005002FF004002FB9
:10406C00F804002FBC02002FBD3F030E4809002F9F
:10407C0008B500F053FB064AD2E90032C01A054BD2
:10408C0061EB0201C3E90001400940EAC16008BDCF
:10409C001005002F0805002FF7B5224B0146224FC3
:1040AC00187A224BD7E90056D3E900239E4208BF69
:1040BC00954211D1B1F1806F0ED24901012938BF5F
:1040CC00012101224D1946F10006C7E9005603B043
:1040DC00BDE8F04000F0E0BB154BDFF858C0D3E969
:1040EC000043DCE9002CA41843EB0C0C4FF0200E21
:1040FC0022466346C1FB0E23954276EB0301C7E9CA
:10410C0000230DD2291B66EB0C04C82974F10004A2
:10411C00B4BF01210021009100F088FB03B0F0BD79
:10412C000021F8E7BC02002F0005002FF804002F37
:10413C001005002F0805002F2DE9F3410022002364
:10414C000F21CDE90023134804F09FFA0024064602
:10415C002546DFF8448026FA04F3DB070FD4670109
:10416C0008EB44102021FFF78FFABFF35F8F37F86D
:10417C00083023B1062B1EBF0123A3401D4301347D
:10418C00042CE8D12946034802B0BDE8F04104F004
:10419C0071BA00BF9403002F80FB882F38B50F2114
:1041AC000C4804F06AFA0C4C0F210C4804F065FA28
:1041BC00A3685D6825B1002320461946084AA84724
:1041CC00A3681B691BB101220021034898470020FA
:1041DC0038BD00BF7C03002F8889030E9403002F89
:1041EC004541030ED3B54FF0FF364FF0FF37002299
:1041FC000F21CDE900670A4804F047FA4442044015
:10420C000748214604F03DFA0028F0D094FAA4F4B3
:10421C00B4FA84F4034800EB441002B0D0BD00BFE4
:10422C007C03002F80FB882F13B506220124114933
:10423C000280014449118C40BFF35F8F2021FFF7AE
:10424C001BFA0D48214604F01CFA0C4883681B68C5
:10425C0013B100220C2198474FF0FF334FF0FF327F
:10426C002146CDE900230448002204F00EFA02B0E6
:10427C0010BD00BF800477D09403002FC089030EBB
:10428C00002310B504460380BFF35F8F2021FFF796
:10429C00F3F90123044905482144491103FA01F1BA
:1042AC00BDE8104004F0E6B9800477D07C03002F01
:1042BC00034AD2F88C3043F44063C2F88C30704718
:1042CC0000ED00E0036803F01F02B3F5A07F02606D
:1042DC004FEA53123ABF024B53F8220000207047AA
:1042EC00109D030E034A4309D35C00F01F001844D1
:1042FC00C0B27047A9AD030E2DE9F04184460027EA
:10430C0088B0DFF854E001910DF108081EF8013B6C
:10431C0008AA02EBD30212F81C6C03F00703DE4070
:10432C0016F0010607D10137062FEFD100263046D3
:10433C0008B0BDE8F081094D02AC0FCD0FC495E873
:10434C00030084E8030058F82720136A4CF8273040
:10435C001362002BE7D0EAE7B9AD030E189A030EEF
:10436C00F0B5044685B008460191FFF7BBFF04EB9E
:10437C004006B38A0D46DB0731D5204603F0FCFC22
:10438C002946204603F068FC50B1204603F07AFC25
:10439C000023276807EB8000C0F81035C0F81035F3
:1043AC002946204603F097FC002103A8B18203950F
:1043BC00FFF788FF039B00EB8300D0F88020094BAC
:1043CC00134043F00203C0F8803001A8FFF77AFFD6
:1043DC000123019A93404364084605B0F0BD6FF089
:1043EC001500FAE7F0F0FCFF2DE9F043044685B028
:1043FC00084616461F460391FFF774FF0D4680468C
:10440C0026B3204603F033FC18B9204603F024FCF5
:10441C0018BB04EB4809B9F8143003F01C0313B1B2
:10442C007378012B19D001238DF80B30002328460B
:10443C00CDE90063721CB31C0DF10B0103F0B4FB4E
:10444C00B9F8143043F00303A9F81430002F3ED010
:10445C002946204603F00BFC20B96FF0150005B07F
:10446C00BDE8F08300223E7823684FEA860C03EB0C
:10447C008603C3F81025C3F8102504EB4802938A71
:10448C0023F4604323F0200393827878F8B12168F9
:10449C00134B6144D1F81045BF782340C1F8103557
:1044AC0041F6F073000400F4403003EA05130343B3
:1044BC003805D1F8104500F4801003432343C1F8AC
:1044CC001035938A43EA463343F02003938203A8C2
:1044DC00FFF7F8FE0123039A934083640020BEE7A4
:1044EC000FE0ECFF014803F046BB00BFCC02002FED
:1044FC0010B504480C4603F024FB0028A4BF207020
:10450C00002010BDCC02002F2DE9F04F074657F8C4
:10451C0004AB0822DAF834138046C9B250468DB089
:10452C0041F4002103F000FC0203054633D51822A8
:10453C0000210DEB020004F0B8F840F2072106A8A8
:10454C00FFF7DAFE4FF0000B594B0DF118090193F0
:10455C00019A584912F8013B0192DA088A5C03F07F
:10456C00070322FA03F3DB071BD40BF1010BBBF19E
:10457C00060F09F10409EBD14FF40021002250463B
:10458C0003F0D2FB40F2072106A8FFF7B5FE002886
:10459C00D8D125F400250124002D73D10DB0BDE830
:1045AC00F08F454B5B440293D9F80060002EDCD0B1
:1045BC0096FAA6F6B6FA86F6029B1C7846EA4414DE
:1045CC002046FFF78FFE08EB4000818AF208C1F30A
:1045DC00820303930093012319F8020006F00706E7
:1045EC0003FA06F620EA060009F8020005A805946D
:1045FC00FFF768FE059A11F0100F02F1200250F837
:10460C002260039BC6F3014623D03846009A21460C
:10461C0003F042FB05A80594FFF754FE059BF6B288
:10462C00203350F82330C3F301439E4207D10021BD
:10463C00204603F002FB3146204603F0FEFA05A8A3
:10464C000594FFF73FFE0122059B02FA03F3036278
:10465C00AAE7022E14BF022103212046039303F084
:10466C00ECFA039B032B03D0022E07D1012BE6D1CE
:10467C0021463846009A03F00FFBE0E7032EDED10B
:10468C00022BF4E795FAA5F3B3FA83F304FA03F2D9
:10469C0025EA020503F5A2725AF8222008EB43031F
:1046AC003846B3F89C10C2F3014203F0F5FA73E7F5
:1046BC00B9AD030E3C9D030EB9AD030E0123044AA4
:1046CC0003FA00F0936823EA00039360704700BF7D
:1046DC000000002F73B504460191EFF311862023DF
:1046EC0083F31288BFF36F8F0B4D019B6A6801A88F
:1046FC001340019303F025FA002807DB01226B68B5
:10470C00824023EA02036B602070002086F311883C
:10471C00BFF36F8F02B070BD0000002F4FF0FF325F
:10472C006FF0404330B5044CD4E90001824273EB86
:10473C000105F9D330BD00BF50C7995F30B50C25CA
:10474C00074B1C1894F8244005FB0433C3E90312EF
:10475C0018750123034A8340C2F8343330BD00BFBF
:10476C000000002F00C0995F10B50E4C2378B3B930
:10477C000422194622750C4A84F82830980804281B
:10478C0003D11423C2F81011F8E70433402BF5D1F0
:10479C006D20FEF7E1FA01230020237010BD6FF0AD
:1047AC007700FBE70000002F00C0995F2DE9F04770
:1047BC001C4E1023B04658F8044F0025E4434FF02C
:1047CC00010ADFF8649004F01004C9F83833E9B238
:1047DC0064B96D20FEF7CEFA134AD2F8583723F09D
:1047EC000103C2F858373470BDE8F087B3680AFA91
:1047FC0005F73B40D80602D50846FFF75FFF736804
:10480C0027EA0307FA0609D5002209EB0513C3F8BA
:10481C002C25E30702D5404603F0ADF964080135B9
:10482C00D5E700BF0000002F00C0995F70B51E4691
:10483C001546174A9DF81010131893F824300733B7
:10484C0002EBC30442F833506660C6F31302040152
:10485C00A1B104F1BF4404F5CE14C4F82055C4F83A
:10486C0024250C4C80000444236833B1FFF756FF19
:10487C00A842B14101D20023236070BD04F1BF43B3
:10488C0003F5CE13C3F82055C3F82425F5E700BF74
:10489C000000002F00C1995FF0B50E4D2B1893F856
:1048AC0024300001073355F8334005EBC3077E680D
:1048BC00641800F1BF4021F0004146F1000641EAC6
:1048CC00C27100F5CE1045F833407E60C0F8281553
:1048DC00F0BD00BF0000002FF7B5284B284CD3F8D3
:1048EC003C6304F140070EB903B0F0BD96FAA6F094
:1048FC000123B0FA80F08340DA43224926EA03060A
:10490C00231893F82450830019440C2303FB05430C
:10491C00DB686BB3D7E8EF3F03EA020CC7E8EECFD6
:10492C00BEF1000FF6D1C340DB0719D5020102F12D
:10493C00BF4202F5CE12D2F82435D2F82025D1F898
:10494C0000C0BCF1000FCED04FF0000CC1F800C07D
:10495C000C2101FB054529690091E9688847C2E7EC
:10496C00EB1D04EBC30C54F83320DCF80430E6E701
:10497C000A68002AB7D00B60B5E700BF00C0995F8A
:10498C000000002F00C1995F07B5164A13685BB190
:10499C0012794AB10288510409D50522D0F80210C7
:1049AC008DF8042001A8984703B05DF804FB6FF460
:1049BC0030610A44042AF7D8DFE802F0030507093E
:1049CC000B000022EAE70122E8E70222E6E70322D5
:1049DC00E4E70422D0F802108DF804200DEB02005D
:1049EC00E1E700BF4C09002F13B50F4B1A68BAB1A1
:1049FC001B79ABB1038813F4804103D001238DF8EC
:104A0C00043009E0C488012BADF805400AD0033B03
:104A1C00012B05D88DF80410D0F8021001A890478E
:104A2C0002B010BD0223EAE75409002F07B50C4A67
:104A3C0013685BB112794AB10288510409D500227E
:104A4C008DF80420D0F8021001A8984703B05DF847
:104A5C0004FB40F601118A42F8D10122F0E700BFB5
:104A6C005C09002F044B02461979012011B9187109
:104A7C0008461A60704700BF6409002F07B5094B40
:104A8C001A6862B11B7953B10388D0F8021013F481
:104A9C00804318BF012301A88DF80430904703B060
:104AAC005DF804FB6409002F07B50B4B1B7983B130
:104ABC0040F201338DF806008DF807106846082186
:104ACC00ADF80030CDF8022003F0D7FA03B05DF852
:104ADC0004FB0120FAE700BF6409002F07B50C4B5B
:104AEC001A688AB11B797BB10388D0F802105B0479
:104AFC0003D502238DF8043004E08379002BF9D020
:104B0C00012BF7D001A8904703B05DF804FB00BF60
:104B1C006C09002F13B50E4A136863B1127952B1A8
:104B2C00028812F4804108D002228DF80020D0F8BF
:104B3C0002106846984702B010BDD0F806400194A8
:104B4C0040F20174A242F6D18DF80010EFE700BFDD
:104B5C007409002F13B5114A136863B1127952B15D
:104B6C00028812F4804108D001228DF80420D0F87C
:104B7C00021001A8984702B010BD40F60104A242F1
:104B8C00F9D182798DF804108DF80720C2798DF84F
:104B9C000620027A8DF80520E9E700BF7C09002F7A
:104BAC0070B50588ABB22D0404D50639063003F078
:104BBC0053FA70BDC3F305230B2BFAD8034A52F8F2
:104BCC002330002BF5D0BDE870401847409D030EF4
:104BDC0070B506460C460625224631460648FCF7BB
:104BEC0069FB844206DD012003F00DFC013DF3D18D
:104BFC00022070BD0020FCE7D802002F10B5012167
:104C0C000C4803F037FD01220B4BD3E8EF1FC3E830
:104C1C00E02F0028F9D1094B1B6A13B1084800F0AA
:104C2C00ABFD084B1C6804B910BD63689847246839
:104C3C00F9E700BF8803002FE002002F3403002F98
:104C4C008C09002F8409002F034BD3E8AF0F431EB0
:104C5C0058425841704700BFE002002FF0B591B0A8
:104C6C0005460C4617461E4603F038FB48B9FFF7BD
:104C7C00EBFF30B12146284611B0BDE8F040FFF7FC
:104C8C00A7BF202C1AD85C232246294608A8ADF8C9
:104C9C001C30ADF81E4003F0FBFC10483A4633467E
:104CAC0007A903F073FAB0B9FFF7CEFF20B10C4897
:104CBC0000F062FDC00F400011B0F0BD2023CDE923
:104CCC000343084B01220293002307491846CDE900
:104CDC00003303F0C2F90220EEE700BF3403002FCB
:104CEC008C09002F24AB030E7099030E13B50446E8
:104CFC00FFF7AAFF024610B1002002B010BD054814
:104D0C00CDE90041012103F0C0FC0128F4D06FF083
:104D1C000A00F2E78803002F1FB50024064B03900E
:104D2C000293204623460122CDE90044034903F0B7
:104D3C0094F92046FCF74AFA4DAB030E7099030E1A
:104D4C0030B51546421E0446002387B0072A28D8E2
:104D5C00DFE802F00427271416222725174ACDE98D
:104D6C0001320093002301221846154903F075F90E
:104D7C0015B12046FFF7D0FF07B030BD114AEEE762
:104D8C00114A0391CDE90132009300230122184608
:104D9C000B4903F062F9EBE70C4A0391F2E70C4A7A
:104DAC00DDE70C4BCDE903410293002301221846A9
:104DBC00CDE90033024903F050F9D9E76AAB030E91
:104DCC007099030E93AB030EB0AB030ED9AB030E6D
:104DDC0006AC030E24AC030E38B50F4D0F4910482A
:104DEC0003F03BFA2868FCF707FA041E09DA14F101
:104DFC00780F06D0002221460520FFF7A1FF2046A0
:104E0C0038BD6A6807492868FCF722FA041EF6DAEE
:104E1C00002221460620F0E7D002002F354E030E6B
:104E2C008C09002FD802002F10B58AB00022002365
:104E3C000A4801A900F01EFA044608B10AB010BDD8
:104E4C00BDF8061002A8FFF7C3FE0028EED0012221
:104E5C0021460820FFF774FFE8E700BF3403002F5A
:104E6C001FB50446FDF718F9064B012202930023E7
:104E7C0005491846CDE9003303F050F9204603F0FC
:104E8C005DF900BF68AC030EC099030E2DE9F0412B
:104E9C00054686B00E46EFF31188202383F3128863
:104EAC00BFF36F8F0024042898BF234B234A98BF6D
:104EBC0053F82030976888BF214B127C2149CDE9EB
:104ECC000432214B03900293012223462046CDE964
:104EDC00004403F023F96EB1F369C3F308034BB13B
:104EEC001A4B0122CDE90143204623461549009473
:104EFC0003F014F92FB1384603F0F9F908B103782F
:104F0C0003B91348134B012202930023CDE903701C
:104F1C00CDE9003318460B4903F000F93146284619
:104F2C00FFF79EFF88F31188BFF36F8F384606B0EA
:104F3C00BDE8F041FDF7BCBF709D030E9C09002F2E
:104F4C0077AC030EC099030E8DAC030EB5AC030EFB
:104F5C0085AC030ED6AC030E38B50A4B53F8204083
:104F6C00013053F82050A54200D838BD606830B1EC
:104F7C00037EDB0701D403F0AEF80834F3E72368B3
:104F8C009847FAE7849D030E012270B5294B86B031
:104F9C0003201A70FFF7E0FF01F07AF90420FFF705
:104FAC00DBFF254C254D2646AE4204F130040FD3D1
:104FBC0000F01CFE204CAC4226D300F02BFEFBF77D
:104FCC0077FD1F4A938923F00103938106B070BDCE
:104FDC0054F80C3C059354F8103C049354F8143CCE
:104FEC00039354F8183C029354F81C3C019354F866
:104FFC00203C009354E90A2354E90C0100F002FC14
:10500C0054F8303C5E65CEE7D4E90A23B3F1FF3F98
:10501C0008BFB2F1FF3F05D052EA0301206803D16B
:10502C0003F0FEF93034C6E70649183001F006F8F3
:10503C00F8E700BFE009002F0499030E0499030E52
:10504C00A005002FB583030E882370B5134E0122E3
:10505C0003FB0066002386B0CDE904230F220193E5
:10506C00CDE9023214234FF4A0720D4D0D4903FB10
:10507C000055044602FB00110B4B3046009500F026
:10508C00C1FB337C2C7423F004033374074B0134C1
:10509C0003EBC423EE606B6006B070BD1805002FE7
:1050AC009C09002FE818002F6981030EE810002FCF
:1050BC007FB50020FFF750FF2A4B03F5006282F307
:1050CC00088883F30A880024E023274D85F82230D2
:1050DC00EC772C766C76AC7685F820406B6A43F4D2
:1050EC00E0236B6285F82340FDF7A2FDFDF7CAFEB5
:1050FC004FF0FF33AB62EB62FEF7D2F8FDF746FFE1
:10510C00FCF7A2FF194800F0E7FBFEF7BDF9012000
:10511C00FFF722FF0220164DFFF71EFF00F0A4FD43
:10512C00144B4FF400625D61134B1449059301233A
:10513C002846CDE90343CDE90144114B009400F01E
:10514C0061FB06462B7C284623F004032B7403F0EA
:10515C0008F92046FFF778FF31462846084AFDF744
:10516C0071FE00BFE810002F00ED00E02806002FB4
:10517C00A005002F9C09002FD4AA030E281A002F7B
:10518C00954F030E38B5064C064DAC4201D30020AA
:10519C0038BD2046D4E9011202F0D8FF1434F4E7EC
:1051AC003403002F3403002FF7B50D4604469DF849
:1051BC002010EFF31187202080F31288BFF36F8F3C
:1051CC00266AE068864240D22668B4421AD0CEB134
:1051DC00304602F0CEFF06F1180003F0AFF9294675
:1051EC00002554F8082F706903F052FA3046C6F8BF
:1051FC00805003F0B6F82046394603F0E5F828460F
:10520C0003B0F0BDA268A9B12946E06903F040FAE9
:10521C00E369A26813446269E361934201D1236993
:10522C00E3610020236A0133236287F31188BFF303
:10523C006F8FE5E7A06923692946984208BF60692A
:10524C00801AA06103F024FAEBE752EA03010BD0B9
:10525C00074904F1080089684D61CDE900233946FE
:10526C00224600F021FCCBE76FF02200DDE700BF07
:10527C009C09002FF7B504460846EFF31186202150
:10528C0081F31288BFF36F8F216A00293BD0A2688B
:10529C00A16903F0FDF9A369A2682568134462694A
:1052AC00A361934204BF2369A361236AAC4203F157
:1052BC00FF33236236D02846002D34D0002702F06D
:1052CC0058FF05F1180003F039F96969A268E06923
:1052DC0003F0DEF9E369A268284613446269E361CE
:1052EC00934204BF2369E361236A01332362C5F847
:1052FC00807003F036F804F10800314603F064F8CE
:10530C00384603B0F0BD52EA030111D00A4989684E
:10531C004861CDE900233146224604F1080000F033
:10532C00C3FBEEE7002086F31188BFF36F8FE8E72D
:10533C006FF02200F7E700BF9C09002F2DE9F34125
:10534C00044617461E46EFF31188202383F3128878
:10535C00BFF36F8F304BC2689B6872B18068984204
:10536C0017D057EA060216D188F31188BFF36F8F56
:10537C006FF00F0002B0BDE8F08193F90E1001320E
:10538C002161C4E9023288F31188BFF36F8F0020CA
:10539C00F0E72169F3E793F90E1090F90E3099427A
:1053AC0030DA9942A8BF194602F0F7FE05462246AC
:1053BC004146CDE90076194800F076FB0028E6D08E
:1053CC00EFF31186202383F31288BFF36F8FA0684D
:1053DC00D0B1236821699C420AD04BB193F90E30AD
:1053EC009942A8BF19466FF07F039942B8BF19467E
:1053FC0002F0D3FE40B13146084802F0E5FF6FF0F1
:10540C000A00B7E70025D2E7002DF4D186F3118806
:10541C00BFF36F8FF3E700BF9C09002FE109002F4A
:10542C00F8B583680546002B40D0234A9268934216
:10543C003FD1C368012B03D9013BC3600020F8BDE9
:10544C00EFF31187202383F31288BFF36F8F016969
:10545C00806802F0A2FE2C68A54207D10023C5E9A2
:10546C00023387F31188BFF36F8FE7E7002CF5D079
:10547C00D4E90032002613605A60237CC4E900662C
:10548C0023F002032374A66004F1180003F056F80D
:10549C00AC6094F90E3020462B61C4F8806002F0A9
:1054AC0060FF3946054802F08FFFC7E76FF0150023
:1054BC00C5E74FF0FF30C2E79C09002FE109002F30
:1054CC0070B5EFF31186202383F31288BFF36F8F2F
:1054DC000468A0421BD0D4B1D4E90032002513607B
:1054EC005A60237CC4E9005523F002032374A560A1
:1054FC0004F1180003F022F82046C4F8805002F0A2
:10550C0030FF3146BDE87040064802F05DBFD0E97F
:10551C0002329A4218BF0133836086F31188BFF3BD
:10552C006F8F70BDE109002F13B5EFF311812024AB
:10553C0084F31288BFF36F8F846844B1013C84609C
:10554C0081F31188BFF36F8F002002B010BD52EAB7
:10555C00030406D181F31188BFF36F8F6FF00F0036
:10556C00F3E7CDE900230246014800F09DFAECE791
:10557C00E109002F2DE9FF4104462027534EEFF39C
:10558C00118887F31288BFF36F8FD4F88C50F5B95C
:10559C00022104F1A40002F01BFE002870D004F1DB
:1055AC009C0500220121284602F05AFF0028F8D160
:1055BC0000234FF0FF3202934FF0FF334146CDE909
:1055CC000023434804F1940200F078FCD7E7D4F8A8
:1055DC0090202B689542C4F88C3008BFC4F89030EA
:1055EC00D4F8A43043F00203C4F8A430EB6823F0E1
:1055FC00040343F00103EB606B6888F31188BFF37D
:10560C006F8F28469847EFF3118887F31288BFF302
:10561C006F8FEB68D80623F001023ED4EA60EB688A
:10562C009A0717D5306823F00203EB6090B1002184
:10563C00036878B1426895423DD10368002934D1A2
:10564C0072683360904200D17360002340F8083BCD
:10565C00FFF736FFD4F8A43023F00203C4F8A430CB
:10566C00DB0530D4D4F88C30003B18BF012388F311
:10567C001188BFF36F8F002B81D000F0FDFA7EE70D
:10568C00D4F8A430D90693D5C4F8A40088F31188B3
:10569C00BFF36F8F04B0BDE8F08123F01103EB6012
:1056AC0005F11000FFF70CFFB9E70B607368984227
:1056BC0008BF7160C9E701461BB11A68184613464A
:1056CC00B7E71A46FAE70023D1E700BFBC09002F61
:1056DC00E109002FF8B5C36804469A070E46C3F3D8
:1056EC00400542D45F0742D40B680BB983680B604A
:1056FC00E368D80742BFA36802253360376858BFF8
:10570C00012557B31B4B9A68D7F888309A421ED1A3
:10571C0002F0E4FD80F00100C0B2D7F8A430D90744
:10572C00C3F380021CD5F2B1F8B100232360D7F883
:10573C00903073B9C7E92344384602F054FDE3684E
:10574C0043F00403E3603368A3602846F8BD0020EF
:10575C00E3E71C60C7F89040EEE76FF0150506E034
:10576C006FF0120503E01B07DFD56FF00F05002368
:10577C003360EAE79C09002F0146014802F089BD1D
:10578C00D006002FF0B50446002089B00E9DC4E968
:10579C00230004F19400C4E9250004F19C00C4E941
:1057AC00270055B32879002840F2011008BF0120CA
:1057BC00C4F8A40000204FF0FF364FF0FF37CDE9BE
:1057CC000330CDE90100CDE9066720460C4B00946F
:1057DC0000F056F855B1296811B1204602F084FD4D
:1057EC006B791BB1A38943F00103A381204602F01E
:1057FC0017FEC4F8884009B0F0BD0120D8E700BFFF
:10580C008155030E2DE9F043984685B000F15803FD
:10581C00C0E91633109B002683810423073222F043
:10582C00070503740F9B01EB05090F46837349466B
:10583C00C0E906668660C6730446FCF701FF0E9B42
:10584C00073020F007002067C4E91A7502930D9BFE
:10585C00A9EB000901930C9B4A4600933946434639
:10586C002046FDF7D3FA054B66659B6803B15B6F69
:10587C004846636705B0BDE8F08300BF9C09002F64
:10588C00F0B5002587B00595109DDDE912760495DD
:10589C000F9D044603950E9D02950D9D01950C9D43
:1058AC000095FFF7AFFFB6F1FF3F08BFB7F1FF3F21
:1058BC0005D056EA070305D1204602F0B1FD20467B
:1058CC0007B0F0BD3A46334604F11800014900F028
:1058DC00B5FBF4E7B583030E012303748381002326
:1058EC00C0E91A334367014B986070479C09002F3D
:1058FC006FF00A01094A9368C3F880100849D86709
:10590C004B6843F080534B60002383F31188BFF343
:10591C006F8F9368D3F88000704700BF9C09002FED
:10592C0000ED00E070B590F91020037C002A2FDB0D
:10593C00D9062DD11A4C63F07F032246037452F81A
:10594C00183FE169934207D1C0E900210860E0618A
:10595C000FE09942F8D01B68002BF5D093F90E603C
:10596C0090F90E50AE42F4DD5968C0E90031086080
:10597C005860A569954200D005B9E568A3681A7C02
:10598C00D20606D1DA897F2A03D9AA690AB96361DA
:10599C0070BDAB4202D0284600F0D2FA6561F7E741
:1059AC009C09002F38B590F910200146002A037C81
:1059BC0004DA03F07F03037402F09BFC0D4D2A46BE
:1059CC0052F8184FAB68944200D004B9EC688B4283
:1059DC0007D01A7CD20604D1DA897F2A01D9A269B0
:1059EC002AB1A34202D0204600F0AAFA23466B61EA
:1059FC0038BD00BF9C09002FB3F1FF3F08BFB2F1C7
:105A0C00FF3F03D00249183000F018BB704700BFAD
:105A1C00B583030E034648B9EFF3058232B9064A43
:105A2C0051699268914201D0FFF762BF83F31188EC
:105A3C00BFF36F8F704700BF9C09002F38B5184C0F
:105A4C00A168E0690B68814214BF1A4600224968BC
:105A5C000B605960A368E1692AB9124AC3E90021B5
:105A6C000B60E3610AE092F90E5093F90E00854247
:105A7C0012DD5168C3E900210B605360A569094B25
:105A8C009D4200D005B9E568A3689D4202D0284626
:105A9C0000F056FA656138BD8A42DED01268DBE749
:105AAC009C09002FB409002FF8B5DDE906670D4BF2
:105ABC000C46986811460C4A1060EFF311822022B4
:105ACC0082F31288BFF36F8F9D68284602F023FC87
:105ADC00284632463B46FFF78FFF2046BDE8F8408C
:105AEC00FFF706BF9C09002FC409002FF8B5044628
:105AFC00EFF31187202383F31288BFF36F8F037C9E
:105B0C0049B203F01F02002A0CBF0126002635D132
:105B1C0003F07F032A4D037402F0EBFB2A46037C4F
:105B2C00817363F07F03037452F8183FE869934262
:105B3C0007D1C4E900200460EC610DE09842F8D074
:105B4C001B68002BF5D093F90EC08C45F6DD596817
:105B5C00C4E900310C605C60AC69944200D004B9BB
:105B6C00EC68AB689C4202D0204600F0E9F96C610D
:105B7C0087F31188BFF36F8F3046F8BD9B071CD598
:105B8C00856802F0B6FB81732B689D4209D16B6866
:105B9C00C4E900531C606C60EAE76A689A42F6D06C
:105BAC001B68002BF3D093F90E208A42F5DD5A685E
:105BBC00C4E9003214605C60DAE78173D8E700BF97
:105BCC009C09002F034648B9EFF3058232B9064A07
:105BDC0051699268914201D0FFF78ABE83F3118814
:105BEC00BFF36F8F704700BF9C09002FEFF311813B
:105BFC00202383F31288BFF36F8F054B9A68D37BF6
:105C0C00013BD37381F31188BFF36F8F704700BFD3
:105C1C009C09002F70B5EFF31186202383F31288B3
:105C2C00BFF36F8F0F4DAB68DA7B0132DA732A4604
:105C3C0052F8184F944200D004B9EC681A7CD20682
:105C4C0004D1DA897F2A01D9A2692AB19C4202D0F7
:105C5C00204600F075F923466B613046BDE8704074
:105C6C00FFF7D8BE9C09002F024B03F11802C3E9C1
:105C7C00062270479C09002F70B5EFF31186202384
:105C8C0083F31288BFF36F8F1A4CA168E0690B681D
:105C9C00814214BF1A46002249680B605960A36800
:105CAC00E1692AB9144AC3E900210B60E3610AE0F7
:105CBC0092F90E5093F90E00854216DD5168C3E936
:105CCC0000210B605360A5690B4B9D4200D005B9B8
:105CDC00E568A3689D4202D0284600F031F9656161
:105CEC003046BDE87040FFF703BE8A42DAD0126836
:105CFC00D7E700BF9C09002FB409002FF8B550EA74
:105D0C00010306460C4603D1FFF7B6FF0020F8BD91
:105D1C00EFF31187202383F31288BFF36F8F124D9B
:105D2C00124BA8681860FFF73DFEA8682346324660
:105D3C000F49183000F082F9AA680446137C3846E3
:105D4C0043F004031374FFF7D3FDAB68D3E90A23C4
:105D5C00B3F1004F08BF002AD8D102F024FC201A5E
:105D6C0020EAE070D3E700BF9C09002FC409002F84
:105D7C00B583030E014B9868704700BF9C09002F38
:105D8C002DE9F84304468789EFF31186202383F32A
:105D9C001288BFF36F8F037C190705D586F3118822
:105DAC00BFF36F8FBDE8F883D90943F008026FD1B8
:105DBC000274A36813B1204602F0A3FA04F1180090
:105DCC0002F0BCFBA56D04F15808A84511D04FF0AA
:105DDC00000975B1284602F094FA05F1180002F09A
:105DEC00ADFB2846C5F88090FFF79CFDA56DA84536
:105DFC00EFD1DFF8BC80D8F808309C4250D1EFF3DB
:105E0C000589B9F1000918BF4FF00109D8F81850ED
:105E1C00284A954200D00DB9D8F80C50AB4202D0AC
:105E2C00284600F08DF82046C8F8145001F01EFCEE
:105E3C00B9F1000F02D02048FFF74EFDD8F808301A
:105E4C009C4230D1EFF305836BBBA289D20711D5ED
:105E5C0086F31188BFF36F8F83F31188BFF36F8FB5
:105E6C000423184602DFEFF31186202383F31288F4
:105E7C00BFF36F8F3046FFF73BFDFB0792D5002336
:105E8C0083F31188BFF36F8F0423184602DF89E771
:105E9C0003F07F0343F00803037402F02AFA88E747
:105EAC004FF00009B2E786F31188BFF36F8FE4E778
:105EBC009C09002FB409002F2806002FD3B5DDE96B
:105ECC000667089CCDE90067FFF7EEFD1CB1034B9C
:105EDC009B685B69236002B0D0BD00BF9C09002F9A
:105EEC00027C034612F01F0210D10A4988420DD0E1
:105EFC000949086868B1D9897F2909D893F90E2016
:105F0C00064B1B689A42B8BF0020704700207047B0
:105F1C00104670471805002F0403002FC809002FE6
:105F2C000122044BC01A044BC0105843034B1A54A3
:105F3C00704700BFB006002FABAAAAAAE109002F38
:105F4C0070B50C4B0C4D1E7CFFF7CAFF182303FBDE
:105F5C0006550446284602F0F1FA0022074B9A55E2
:105F6C003CB1621E2846BDE870400549D31700F0CD
:105F7C0065B870BD9C09002FB006002FE109002FF9
:105F8C002D5F030E38B5EFF31185202383F31288B0
:105F9C00BFF36F8F0F4B104A9C681068A04206D15C
:105FAC00FFF7CEFF85F31188BFF36F8F38BD00214B
:105FBC001B7C1160094AD35C002BF3D02046FFF701
:105FCC008FFF0028EED0237CDB0601D1FFF736FDD6
:105FDC002046E5E79C09002FC409002FE109002F9A
:105FEC00024B1868984208BF002070470803002F26
:105FFC00034B1B680BB9FEF73BB80020704700BF82
:10600C00CC09002F30B570B10B4B5B6898420AD0AD
:10601C00036843B1D3E90421D0E90445121941EBDB
:10602C000501C3E90421D0E9003213605A60002352
:10603C00C0E9003330BD00BF0803002FB3F1FF3FB0
:10604C0008BFB2F1FF3F2DE9F84F044699461546BB
:10605C001F467AD08160EFF31188202383F31288D6
:10606C00BFF36F8FB9F1000FDFF8E4A020DBFFF76F
:10607C00BFFFDAE90027013549F100092D1849EB7A
:10608C00E07306464FF00109C4E90453AD1843EB25
:10609C000707FFF7A5FF0346DFF8B8E0DEF804A01A
:1060AC00EBB9C4E900EACAF80040CEF8044028E095
:1060BC006FF00103DAE900125B1A4FF0FF3161EB6C
:1060CC0002025B1B62EB0902012B72F10001BCBFE7
:1060DC00012300224FF00009C0E90432D9E7D3E9CB
:1060EC00041CD4E904208A4270EB0C0B24DA891AC4
:1060FC005A686CEB0000C3E90410C4E90032146068
:10610C005C60FFF76DFF84420ED1134B1B685BB9CB
:10611C00B9F1000F02D1FFF76BFF0646304602F0D3
:10612C00F6F90021FDF7B8FF88F31188BFF36F8FE4
:10613C0028463946BDE8F88F521A60EB0C005345DF
:10614C00C4E90420ADD01B68AAE700252F46EFE771
:10615C00C806002F0803002FCC09002F2DE9F047AB
:10616C00DFF8A8900246C9F800000D46FFF738FF8B
:10617C0000260027DFF898804FEAE27ED8E900136A
:10618C0050B1D0E9044CA2427EEB0C0A1ADAA41AE4
:10619C006CEB0E06C0E904460024521843EB0E03C8
:1061AC002046C8E90023C9F8004002F0B0F92146A6
:1061BC00FDF772FF85F31188BFF36F8FBDE8F047D1
:1061CC00FFF7E0BE611843EBE473C0E90467C8E96C
:1061DC000013FFF717FF01224FF00043C0E904231F
:1061EC0085F31188BFF36F8F83689847EFF31185A0
:1061FC00202383F31288BFF36F8FD9F80020121B72
:10620C00C9F80020FFF7ECFEB6E700BFCC09002F61
:10621C00C806002F10B5EFF31184202383F31288E6
:10622C00BFF36F8FFFF7E4FE0346054AD2E9000186
:10623C00181841EBE37184F31188BFF36F8F10BD15
:10624C00C806002F73B50446EFF31186202383F3A1
:10625C001288BFF36F8F8368594003EA02050A4026
:10626C0053400022009309496B46019202F01BF93E
:10627C00DDE9003223EA020304F10C003146A3608D
:10628C0002F0A2F8284602B070BD00BF4186030E92
:10629C00014800F081BB00BF3BAD030E07B5074BB7
:1062AC004FF48062009306494FF0FF330548FFF727
:1062BC0069FA002003B05DF804FB00BF9C9D030E3F
:1062CC002822002FD006002F2DE9F04F43688BB009
:1062DC0080469246009383789C0740F1F980002514
:1062EC000878002800F0F68025280AD04B1C019372
:1062FC0001354146009B98470028C0F2E380019984
:10630C00EEE74E788B1C252E0193F1D000270A2244
:10631C00B9463C461F2C22D8A6F12003102B20D8BE
:10632C00DFE803F0141F1F1A1F1F1F0B1F1F1F1264
:10633C001F171F1F090044F00104019B13F8016B88
:10634C000193002EE6D13AE044F0020444F0040438
:10635C00F3E744F00804F0E744F01004EDE77F2C79
:10636C0024D8A6F13003092B08D860064EBF02FBD7
:10637C00073744F0200402FB0939DEE72A2E0DD141
:10638C0061065AF8043B53D4002BA7BF44F02004F9
:10639C009946C3F1000944F02804CEE72E2E05D10E
:1063AC00630600F1978044F04004C6E76C2E2ED0B3
:1063BC0028D8682E32D06A2E37D04C2E35D0002FEC
:1063CC0046F02003B8BF24F04004A3F16502BCBF23
:1063DC000027A4B2022A01D9612B2BD10AF1070A9A
:1063EC0007279D4E2AF0070A0AF1080A210760D5F3
:1063FC0006EB070B34465C455DD1AE1BA9EB0709D8
:10640C00A21959E1742E98D07A2E96D0D7E7260689
:10641C0048BF44F4007444F080048EE7E00548BFA4
:10642C0044F4007444F4807487E744F4207484E7E3
:10643C001F4682E7A6F16302122A00F2D880DFE839
:10644C0012F013004D00D600D600D600D6004D0039
:10645C00D600D600D600D600D600E800D100D60073
:10646C00D6001A00D600A0005AF8043B012704AE4F
:10647C008DF81030BAE75AF8046B784B002E08BF31
:10648C001E4614F0400F304614BF39464FF0FF3112
:10649C0002F035F90746A9E741462020009B9847B2
:1064AC0000280FDB013CA742F6D34D44A1462D1B1F
:1064BC009EE74C46F7E7414614F8010B009B9847C2
:1064CC00002898DA98F8023043F0040388F8023078
:1064DC004FF0FF3528460BB0BDE8F08F220630D5C3
:1064EC00A3052AD50AF1070A2AF007039A46596828
:1064FC005AF8080B24F0100B00291FFA8BFB2FDA2B
:10650C0040424BF4806B61EB410104AC0A23224600
:10651C0002F001F91BF0400FA0EB040200F08E809A
:10652C002BF001049742A4B240F38F80002E40F070
:10653C008E802BF01104A4B21DE05AF8040BC11785
:10654C00D8E7E0055AF8041B01D40846F7E7A20582
:10655C0047BF48B241F3C01108B241F3C031C9E79B
:10656C0050EA0103D1D16306CFD5002FCDD124F051
:10657C0011043A46A4B23B4640F206410C4262D1A9
:10658C0024E024F010040A23A4B214F0800243D0B7
:10659C0014F4007117BF0AF1070A5AF8040B2AF019
:1065AC00070292461CBF51685AF8080B50EA0102C8
:1065BC003ED124F0160B62061FFA8BFB3CD5002F44
:1065CC003AD124F017043A463B46A4B221075AD4D8
:1065DC00E10705D5994572DDA9EB03039F184B46DE
:1065EC009B464AE044F0100410237826CDE7782B24
:1065FC0004D1C6F1780343F01003C6E741462520C9
:10660C00009B98470028FFF65DAF023541463046A7
:10661C0070E608230026B8E714F480715AF8040BCE
:10662C00C4D014F400711ABFC0B2114680B2BDE7D9
:10663C0024F006041FFA84FB04AC68E713465C469E
:10664C00E10699D52EB90133C0E71346F8E73B466E
:10665C00F6E70233BAE700BF86AD030E7FAD030E3B
:10666C00CDE9023241462020009B98470028FFF6D6
:10667C0029AF0BF1010BDDE90232D945F0DCEB1A45
:10668C0003EB0B055B46E10627D541463020CDE9EF
:10669C000232009B98470028FFF614AFDDE9023266
:1066AC007EB901352F44791B8A4229DB144604AE8E
:1066BC0094BB2A44A9EB03091546914440E01746C4
:1066CC008EE7023541463046CDE90232009B9847B1
:1066DC000028DDE90232E5DAF4E640F206410C422C
:1066EC00E0D014F0020F05F10105414614BF2B2038
:1066FC00202014F4806FCDE9023218BF2D20E5E77D
:10670C00CDE902324146009B3020013598470028E4
:10671C00DDE90232C7DAD5E6013C4146CDE9023269
:10672C00305D009B98470028DDE90232C0DAC9E6EB
:10673C0041462020009B013598470028FFF6C2AE49
:10674C00A9EB0503002BF3DCD9E500BF704710B5AE
:10675C0086B00BA8059003900A98089C0290002024
:10676C0000940190FBF7F4FC06B010BD836800EBBD
:10677C00C101B3F5004F2CBF51F8220031F81200C3
:10678C00704700EBC1018068B0F5004F2CBF41F899
:10679C00223021F812307047012208B5FFF7E6FFCE
:1067AC00D04008BD836800EBC101B3F5004F08D39E
:1067BC004B681AB143F001034B60704723F001039F
:1067CC00FAE74B881AB143F001034B80704723F072
:1067DC000103FAE753000122FFF7D3BF08B5836822
:1067EC00B3F5004F06D3FFF7D7FF01288CBF00206D
:1067FC00012008BD0020FCE78368B3F5004F28BFDB
:10680C000139B1FA81F0C0F11F0070472DE9F04158
:10681C0004460D46FFF7E2FFB8BB29462046FFF7BA
:10682C00BBFF01462046FFF7E7FF04EB80010E6932
:10683C0096B90122E36882401343E36002220D61A2
:10684C002B4629462046FFF79CFF0322294620466B
:10685C00BDE8F041FFF795BF022231462046FFF715
:10686C0085FF0746034629462046FFF78AFF032289
:10687C00334629462046FFF784FF39462B462046EF
:10688C00FFF77FFF02223146E1E7BDE8F081B2F568
:10689C00802F34BF042308232DE9F0410026D21A9F
:1068AC008C18CD1D25F0070524F00704641BE408A3
:1068BC00056021462846AC60EE60FFF79DFF820024
:1068CC0002F11B07FF083146043205F1100001F0FC
:1068DC00ECFE3A4631462846FFF77CFF33463246FB
:1068EC0031462846FFF74DFFA4EB070828463146F2
:1068FC000122FFF757FF42463946FFF76BFF3B4635
:10690C00324639462846FFF73CFF21462846FFF71A
:10691C0061FF4346324621462846FFF732FF2146A7
:10692C0028460122FFF73EFF3946BDE8F041FFF74C
:10693C006DBF2DE9F04706460D46174698462BB31A
:10694C004FF0000A98F8004093F80190DB78A4000F
:10695C0004EB430498F802301C444444CA4509D360
:10696C0039463046AC46D8F8042008F10803BDE897
:10697C00F047604714F8013B0AF1010A204648F839
:10698C002340F9F727FF01300444E7E76FF01500C7
:10699C00BDE8F087002070470FB407B504A951F883
:1069AC00040B019100F054FD03B05DF804EB04B04E
:1069BC007047013A30B501F01F034C090A4401211C
:1069CC00550902F01F02C26001FA02F2836001FA5B
:1069DC0003F3511E5B420A43AC42036108BF1340F0
:1069EC0004604560426108BF036130BDF8B50746DD
:1069FC00DDE906041D46FFF7DCFFD0E90016BF6891
:106A0C006B4257F8212005695A40B14202EA05024F
:106A1C0002D182B90120F8BD6AB957F82620406925
:106A2C005A4002400AD101318E42F3D957F8212045
:106A3C009342F8D05A401CB90020ECE73146FAE7F3
:106A4C0092FAA2F2B2FA82F202EB41122260F3E75E
:106A5C00F0B587B004460C981D4610B96846FFF790
:106A6C00A8FF01684768A368B94253F8212006695A
:106A7C0008D125B1324343F8212007B0F0BD22EAFA
:106A8C000602F8E7B5B1324343F821204168A26809
:106A9C00456952F821302B4342F821304FF0FF3139
:106AAC000368013342689A42E7D9A26842F823107E
:106ABC000133F7E722EA060243F82120A268416875
:106ACC00466952F8213023EA060342F82130026865
:106ADC00436801329342D0D9A36843F82250F7E7B8
:106AEC0030B5EFF31185202383F31288BFF36F8F3A
:106AFC0003688B4210D9012280684C0950F824306D
:106B0C0001F01F018A40134340F82430002085F324
:106B1C001188BFF36F8F30BD6FF01500F7E730B5FC
:106B2C00EFF31185202383F31288BFF36F8F036873
:106B3C008B4211D9012280684C0950F8243001F0A5
:106B4C001F018A4023EA020340F82430002085F319
:106B5C001188BFF36F8F30BD6FF01500F7E730B5BC
:106B6C00EFF31184202383F31288BFF36F8FA2B14C
:106B7C0003688B4211D983684D0953F8253001F015
:106B8C001F01CB4013F0010318BF01230020136039
:106B9C0084F31188BFF36F8F30BD6FF01500F7E7EA
:106BAC0030B5EFF31184202383F31288BFF36F8F7A
:106BBC00D2B103688B4217D9836801F01F054909CC
:106BCC0053F82130EB4003F001031360012280687D
:106BDC00AA4050F82130134340F82130002084F3B0
:106BEC001188BFF36F8F30BD6FF01500F7E72DE9FB
:106BFC00F04F05460E4617468BB0EFF31188202355
:106C0C0083F31288BFF36F8F002A53D0002951D021
:106C1C0002688A424ED39A420DD9002140688842BC
:106C2C004FEA411429D0AB6853F82130B3F1FF3F40
:106C3C001CD10131F3E780680023006800F08BF869
:106C4C00041E08DA6FF01B0088F31188BFF36F8FF6
:106C5C000BB0BDE8F08F0123A968B3400A68013B73
:106C6C00A3401A430A6000203C60EDE72BB1DB43E4
:106C7C0093FAA3F3B3FA83F31C44A2EB06090DF1C8
:106C8C000C0B0DF1100A4C45DCD800233246214682
:106C9C002846CDE900ABFFF7A9FE40B101233246EF
:106CAC0021462846CDF800A0FFF7D2FEDBE7039C77
:106CBC000134E8E76FF01500C6E72DE9F0431546FF
:106CCC004A1E07460C4689B02A44EFF3118620234E
:106CDC0083F31288BFF36F8F002939D003688B427E
:106CEC0036D3AB4234D9934232D9202B18D8012356
:106CFC008B408168013B03FA05F20B6803EA020042
:106D0C009A4308D06FF00D0086F31188BFF36F8F94
:106D1C0009B0BDE8F08323EA00030B600020F3E721
:106D2C004FF000080DF108090A4601232946CDF859
:106D3C000480CDF80090FFF759FE0028E2D04346BE
:106D4C00224629463846CDF80090FFF781FEE5E74C
:106D5C006FF01500D8E71F2A2DE9F0419EBF4FF0C8
:106D6C00FF3404FA02F21043C2434FF0FF304FF0ED
:106D7C00010C07468646DAB1B2FA82F5C5F11F0856
:106D8C000CFA08F4013C94431DBFB4FA84F4C4F12A
:106D9C001F06A8EB0605C5F120051BBF0EFA06F66B
:106DAC00C4F12008A04622EA06048D4202D14046D6
:106DBC00BDE8F0811BB18D42F9D82246DBE78D424C
:106DCC00FBD3AF4284BF40462F46F6E770477FB5F2
:106DDC000BAB059303930A9B0122029300231846E5
:106DEC00CDE90033FBF7B4F907B05DF804FB0020E4
:106DFC0070470169406800F00EB9034610B40C46A8
:106E0C001969002340682360936910BC0832FBF7B2
:106E1C001BB80169406800F033B901230831D1E88F
:106E2C00EF2F002A03D1C1E8E03F0028F7D114BFAF
:106E3C006FF01500002070474368D3E909035843ED
:106E4C00043870477FB50BAB059303930A9B012263
:106E5C00029300231846CDE90033FBF779F907B00C
:106E6C005DF804FB10B54468114604F114000022CF
:106E7C00FAF7BEFA0146206BBDE81040FFF730BEB2
:106E8C0037B5DDE90645CDE9004519460069FAF745
:106E9C00D3FA00EAE07003B030BDFEF7C1BAD0B54A
:106EAC00044600681646143000221F46FAF7A0FA72
:106EBC00031E07DB3A4631462046BDE8D040DBB224
:106ECC00FAF738BBD0BD08B5114600230122006982
:106EDC00FFF7E5FF00EAE07008BD002337B5044674
:106EEC0000681546203001AA0193FAF781FA011EB9
:106EFC0007DB2B462046019A03B0BDE83040FAF779
:106F0C0093BB03B030BD08B5114600694FF0FF329A
:106F1C00FFF7E3FF00EAE07008BD2DE9F0411D46E4
:106F2C0090460268069F536A126A6B43D750044618
:106F3C000E46BFF35B8FD018391DFCF79DFB314615
:106F4C0042462046EBB2FAF7F5FA061E06DA4FF087
:106F5C00FF333A4629462046FAF766FB3046BDE831
:106F6C00F0812DE9F3411646076988461A463146E9
:106F7C0038461D46FFF7B1FF041E09DA4FF0FF3209
:106F8C0031463846FFF7A9FF204602B0BDE8F08134
:106F9C00009523460021384698F80C20FFF7BDFFDA
:106FAC000446F1E72DE9FF411746029300221D46E6
:106FBC000023D0F810800E46CDE90023404603AAEA
:106FCC0002A9FAF739FA041E0FDB2A463946039850
:106FDC0001F05EFB0095234600214046327BFFF713
:106FEC009CFF10EA200438BF2C46204604B0BDE8B4
:106FFC00F0810346D3E8EF0FC3E8E21F002AF9D172
:10700C007047D0E9000183681B680BB10022184758
:10701C006FF05700704770B5037C0546012B0E4688
:10702C0003D00021706800F0F7F92846FFF7E9FF5C
:10703C00002106F13C00FFF7DCFF10F0FF0406D046
:10704C00D5E9020483681B691BB96FF0570420460D
:10705C0070BD0A462146984704460028F7D1D5E969
:10706C00020183685D68002DEFD023462246A847B5
:10707C0004460028EBD106F1280001F01AF9E6E7E6
:10708C002DE9F04106460D4617461C4601F13C031E
:10709C00D3E8AF3F042B05DC18BF6FF00F0420467C
:1070AC00BDE8F081E4B101F108082022002340463C
:1070BC00FEF744F9002816DB39462868A2B200F026
:1070CC0079F805464046FEF7ABF9002D06DBA542E4
:1070DC000CD33046FFF795FF0028E1D12846DFE7B7
:1070EC006FF03C00DCE76FF06800D9E76FF04C0004
:1070FC00D6E770B568B303685BB382684AB3456979
:10710C003DB3C168042938BF0421B3FBF1F401FB82
:10711C001434F4B9B2FBF1F401FB1424CCB9446877
:10712C0044EA0506B60714D100690B2811D9860765
:10713C000FD193420DD21CB1A3420AD2A24208D95C
:10714C00AA4206D20B449A4214BF6FF015000020DD
:10715C0070BD6FF01500FBE770B50668044630464D
:10716C00FFF7C7FF0546B0B96060A060B3686268FE
:10717C001A602368A2681B681A60BFF35B8F2368D0
:10718C0098680421FCF778FA236818680421FCF746
:10719C0073FA284670BD6FF01505FAE710B5044672
:1071AC000068FFF7A6FF10B96060A06010BD6FF01B
:1071BC001500FBE72DE9F84F88461446064618B92A
:1071CC006FF01500BDE8F88F002AF9D00029F7D030
:1071DC00036818680421FCF757FABFF35B8F336818
:1071EC00D3E904791B681B6875689A07E8D1AB4230
:1071FC0086BF7A19D31AEB1A3A1FD31A221D93425F
:10720C0049D3002309EB050049F80530230A09F896
:10721C0005304470BFF35B8F04210435FCF72CFA66
:10722C00BD4224BFB5FBF7F307FB1355A7EB050BCA
:10723C005C45A24628BFDA4609EB05035246414697
:10724C00184601F025FA5146FCF716FA5C450BD9A5
:10725C00A4EB0A0B5A46484608EB0A0101F018FA4F
:10726C0059464846FCF708FAE31C2B4423F0030369
:10727C00BB4224BFB3FBF7F207FB123332687360D7
:10728C0092681360BFF35B8F336898680421FCF736
:10729C00F3F9204696E76FF00B0093E72DE9F041E8
:1072AC000E461746044618B96FF01500BDE8F0817C
:1072BC008568002DF8D1036898680421FCF7E4F97F
:1072CC00BFF35B8F23689A68D2F800801A69424535
:1072DC00EAD94FF6FE7208F1FF319142E4D85869B1
:1072EC000421FCF7D1F9BFF35B8F2368586903883D
:1072FC005BBA99B20A1D4245D6D8043030603B8047
:10730C003068FCF7C1F9BFF35B8F2846CEE72DE957
:10731C00F74F89469346064628B96FF01504204668
:10732C0003B0BDE8F08F036898680421FCF7ACF952
:10733C00BFF35B8F33689A681768B56817F003045E
:10734C00EBD1AF42EBD0D3E9048A0AEB0500042160
:10735C00FCF79AF93AF8054064BAA4B2B9F1000FF7
:10736C00DDD0A34547D3AF423ABFA8EB0503FF18C6
:10737C007F1B231DBB4241D80435454524BFB5FBBB
:10738C00F8F308FB1355A8EB05039C422746019321
:10739C0028BF1F460AEB050B39465846FCF774F913
:1073AC003A465946484601F073F9019B9C420CD968
:1073BC00A4EB070B59465046FCF766F933685A465E
:1073CC00596909EB070001F063F9E31C2B4423F026
:1073DC000303434524BFB3FBF8F208FB12333268B6
:1073EC00B36012681360BFF35B8F336818680421B5
:1073FC00FCF742F993E76FF00B0490E76FF00A0487
:10740C008DE710B503685C6804212046FCF73CF955
:10741C00BFF35B8F206810BD036858680160BFF331
:10742C005B8F0421FCF728B90020704700F019BBD2
:10743C000346D3E8EF0F421CC3E8E12F0029F8D133
:10744C007047002108B50846FAF77AFD002008BD00
:10745C001FB50023CDE902011A4619461846CDE99D
:10746C000033FAF775FE05B05DF804FB7047002099
:10747C0070474368DA7101224368196043685A7196
:10748C00FFF7F4BF70B50E4615461946044618B9F9
:10749C00BDE87040FAF71EBE33B1C2F34A23103078
:1074AC00120D184401F0F4F8C4E900562046BDE86A
:1074BC007040FAF723BE7FB50BAB059303930A9B81
:1074CC000222029300231846CDE90033FAF740FE5E
:1074DC0007B05DF804FBF8B506460D4614461F468A
:1074EC0004B9F8BD214628463A46B047241A05444B
:1074FC00F6E707B5D1E900328DF807000121526893
:10750C000DF107009847002003B05DF804FB0A2832
:10751C0038B504460D4602D10D20FFF7EAFF294687
:10752C002046FFF7E6FF002038BD2DE9F043054665
:10753C0089B008460E8891F800900C46D1F8088066
:10754C001746FAF75DFE011EC6F38216C9F3C2098F
:10755C001FDB4846FAF7EEFD0346214651F8102B87
:10756C006088C2F34A22002A01EB020408BF002102
:10757C000022C0F30B10CDE90507CDE90314284612
:10758C004146CDE900220296FAF766FE09B0BDE845
:10759C00F0830023E1E7436800201B685B681961F6
:1075AC00704743681B681A68526853607047012122
:1075BC002DE9F04143681B685A6811751D682F68E6
:1075CC00D5E90136D3E900481CB96B681C60BDE8ED
:1075DC00F081214630464246B847241A0644F3E768
:1075EC0070B543680C461D686B681869FAF716FD90
:1075FC00214603460F222868BDE87040184701F069
:10760C0054B801F045B87FB50BAB059303930A9BB7
:10761C000122029300231846CDE90033FAF798FDB6
:10762C0007B05DF804FB01460068FAF7A3BF08B584
:10763C00FBF702F8BDE80840FBF72ABC7FB50BABA3
:10764C00059303930A9B0122029300231846CDE96C
:10765C000033FAF77DFD07B05DF804FB0021012033
:10766C00FAF788BF836E83F30B8870476FF0850041
:10767C00704761B662B680F31188BFF36F8F7047A5
:10768C0072B6002383F31188BFF36F8FBFF34F8F54
:10769C0030BF62B6BFF36F8F704740E800F313F44E
:1076AC00803FD8B208BF6FF0150070477FB50BABA9
:1076BC00059303930A9B0122029300231846CDE9FC
:1076CC000033FAF745FD07B05DF804FB30B50C68E4
:1076DC004B6885B00A894D890094013B24F01F0446
:1076EC00234402F01F0242EA451223F01F036946AD
:1076FC008DF808200393FBF77FFC05B030BD08B56F
:10770C00D1E904319847002008BD08B5FBF796FE77
:10771C00002008BD002203680BB9184670478B4245
:10772C0010D10B6842B942680360914200D14360AA
:10773C00002301200B60704713604368994208BF17
:10774C004260F5E71A461B68E6E7D0F80034DB0721
:10775C00FBD4704738B5D0F80454012D22D122B394
:10776C001BB342F0805422F01F021C4442F08052A2
:10777C00FFF7EBFFC0F81024BFF34F8F01290DD09A
:10778C0002290DD08561D0F810349A42F0D1203204
:10779C009442EDD8FFF7D9FF002038BD4161F2E7E4
:1077AC00C561F0E76FF00A00F7E76FF01500F4E73A
:1077BC00436800205B68DB680B60704710B543685A
:1077CC0002EA01045B6821EA020299645C609A6037
:1077DC00436800205B68596410BD43685B6899641A
:1077EC005960436800205B685964704743685B6864
:1077FC0099649960436800205B685964704710B5C0
:10780C0043685B681A68996421EA02040A405C6068
:10781C009A60436800205B68596410BD30B50369F9
:10782C00586800B30024884219D108688CB99C6848
:10783C005860A14200D19860002008602AB15A68B3
:10784C000A609A68596002B9996000200FE02846D6
:10785C00E9E720609868814208BF9C60ECE7056806
:10786C000446002DF3D1002AE9D16FF0150030BD8C
:10787C00FCF74ABE202070471F29436807D84AB935
:10788C0001201B688900C9B25850104670476FF030
:10789C00150070476FF0790070470020704720206A
:1078AC007047002070474368187A70471F29F8B555
:1078BC00154611D846687368CB40DB070CD572B9F6
:1078CC00012733688900CCB21F510C2000F0FFFB5C
:1078DC00284633681F51F8BD6FF01500FBE76FF0B9
:1078EC007900F8E730B543681360057A446804EB17
:1078FC00C504A34202D36FF0010030BD5C7908339C
:10790C008C42F1D10020F8E707B5019001A8FCF7F3
:10791C0049F9019B00EB8300D0F8803023F0004341
:10792C0043EAC171C0F8801003B05DF804FB70B578
:10793C0005694668FCF77EFA6C7844B10121307811
:10794C00FCF71CFA0446FCF769FA204670BD0123CB
:10795C002B70F8E743681B68D3F8303170474368E5
:10796C001B68D3F88004C3F880047047426813681E
:10797C00D3F84C0150B10020D26A12780A70C3F8C7
:10798C004C01D3F84C2101229A6270474FF0FF3022
:10799C00704713B501AA0446FFF7A4FF002805DBC6
:1079AC00019B226819791868FCF70CF902B010BD1C
:1079BC0038B505460022012140F2D510FBF7EEF94F
:1079CC0040F2D510FBF7C8F96C680121E068FFF7AD
:1079DC00E0FF6B681968A369C1F82435628C238CAD
:1079EC00A07F1343A28C1343E28C1343627F9BB2A0
:1079FC000243207F02431343C1F86C3569680B685E
:107A0C00D3F8002242F48022C3F800220822C3F8E3
:107A1C0000258A6A0121C3F83C270022C3F84027BD
:107A2C001965D3F830110029FBD0C3F800256D6817
:107A3C000021E8682C68FFF7ACFF0823C4F8003578
:107A4C002A7A52B9EB6AC4F804370123C4F8083710
:107A5C00C4F84C21D4F84C21A362002038BD00207E
:107A6C00704708B5FCF75AFE08BDFCF79FBE002016
:107A7C00704708B5FFF7FBFF48B1002383F311886B
:107A8C00BFF36F8F0423184602DF6FF0040008BDAC
:107A9C0070B50D460646FCF7A5FB06230446C0E967
:107AAC0001654380FCF7C0FB25882046012D08BFEB
:107ABC006568FCF7E5FB284670BD70B505460E46BB
:107ACC0099B1FCF78FFB0723044645604380FCF714
:107ADC00ABFB2588012D03D165680DB9A368336014
:107AEC002046FCF7CDFB284670BD6FF00305FAE786
:107AFC0038B50546FCF776FB092304464380456000
:107B0C00FCF792FB25882046012D08BF6568FCF721
:107B1C00B7FB284638BD38B5FCF764FB1423044684
:107B2C004380FCF781FB25882046012D08BF656842
:107B3C00FCF7A6FB284638BD03460020184700F08A
:107B4C00C6BA024610B5116891B1B1FA81F3C3F10E
:107B5C001F000123834021EA0303D2E8EF4F8C423C
:107B6C0004D1C2E8EC3FBCF1000FF6D1EBD110BD53
:107B7C006FF00B00FBE710B50368CB40DB0710D4AC
:107B8C0001238B40026843EA0201D0E8EF4F944294
:107B9C0004D1C0E8EC1FBCF1000FF6D1F2D10020EB
:107BAC0010BD6FF01500FBE7F7B51646DDE9084789
:107BBC00019001A81D46FCF785FB019BB6F1000C5A
:107BCC0018BF4FF0010C00EB83000B1E18BF0123F4
:107BDC00002D43EA4C030CBF4FF0000C4FF00C0C83
:107BEC00002C43EA0C030CBF4FF0000C4FF4706CEC
:107BFC00002F43EA0C030CBF4FF0000C4FF4403C39
:107C0C00D0F8802043EA0C0322EA030301B109787F
:107C1C000EB13678760019430DB12D78AD00314395
:107C2C000CB12478240229430FB13F783F040C4354
:107C3C003C43C0F8804003B0F0BD1FB50DF10F03FD
:107C4C00019300238DF80F101A4619460093FFF785
:107C5C00ABFF05B05DF804FB10B504460846FCF715
:107C6C0041FB04EB4004207DC0F3401010BD10B567
:107C7C0004460846FCF736FB04EB4004207DC0F3B9
:107C8C00400010BD10B504460846FCF72BFB04EB76
:107C9C004004A08A400B10BD70B504460846164639
:107CAC00FCF720FB083034F810300D46DA0509D506
:107CBC00C3F3432304EBC3023146284654F8333054
:107CCC0052689847A3682BB131462846E268BDE854
:107CDC007040184770BD10B504460846FCF702FB0F
:107CEC0004EB4000838ADA051DD5C3F3432123F44A
:107CFC00F853838204F1120204F1920032F8023F2D
:107D0C0013F4807F03D0C3F3432399420BD08242F8
:107D1C00F4D1002204EBC1035A6004F19800BDE8D1
:107D2C001040FFF728BF10BDF0B5034600F5807476
:107D3C00002001270546844695420AD1D3F84C21F0
:107D4C0032B10022C3F84C21D3F84C3140F400205E
:107D5C00F0BD25F0404607FA06F6314209D0D4F8BA
:107D6C0000E0BEF1000F04D0C4F800C0D4F800E06D
:107D7C00304301350434DFE738B504460D46FFF7D0
:107D8C006BFFA8B12046FFF772FF88B92046FFF7BA
:107D9C0079FF012322688340C2F83833236803EB50
:107DAC008000D0F8103523F00303C0F8103538BD2F
:107DBC002846BDE838400021FFF73FBF2DE9F043CE
:107DCC00174685B0044608460391FCF78BFAD7F8A2
:107DDC0000800E460546B8F1000F1ED02046FFF776
:107DEC0046FF18B12046FFF737FF28BB00230DF1E3
:107DFC000B02CDE900338DF80A308DF80B3030468C
:107E0C0043460DF10A01FFF7CFFE04EB4502938ABE
:107E1C0023F0020343F0010393827B68002B36D0DE
:107E2C003146204693F80080D3F80490FFF71FFFEB
:107E3C0040B1B9F1000F22D06FF01501084605B022
:107E4C00BDE8F08304EB4500838A23F4604323F000
:107E5C0020038382B9F1000F11D0B8F1030FEBD8D6
:107E6C007B6821685B6893F800C04FEA8C03194467
:107E7C00B8F1000F16D1C1F81085C1F8108504EBCC
:107E8C004502938A23F01C0343EA88039382BB6860
:107E9C0073BB002103A8FCF715FA0123039A934046
:107EAC008364CBE7D1F8102522F00302C1F810252A
:107EBC0022681344D3F8102522F4473222F47C7242
:107ECC00C3F8102541F6F072D3F8101502EA061229
:107EDC0042EA08420A43C3F8102504EB4C03A3F80A
:107EEC009C60838A43EA4C3343F020038382C6E7C9
:107EFC003146D3E900782046FFF7EDFE002FC8D0BD
:107F0C0063689F4206D004F19800FFF71AFE011E29
:107F1C0004DABFE7A3689845F5D1002104EBC1034F
:107F2C00C3E9017804EB4505AB8AC9B243EA4123A6
:107F3C0043F48073AB82ACE7C0E90312704770B5B1
:107F4C0004461546FFF788FE48B10846FCF7CAF907
:107F5C0004EB40040020A38A5B0B2B7070BD6FF008
:107F6C001500FBE738B590F8AC4005469CB980226B
:107F7C002146143000F099FB2B686920C3F84C4162
:107F8C00D3F84C31FAF7E8FE0123204685F8AC30E3
:107F9C00C5F8983038BD6FF07700FBE790F8AC006F
:107FAC00003818BF01207047FCF7DAB92DE9F3410E
:107FBC0004461746FFF750FE0D462668F0B12046E2
:107FCC00FFF755FE8046C8B92046FFF75BFE8200DE
:107FDC0002F5807346F80380F35823681344D3F8F2
:107FEC00102542F00102C3F8102527B101232268A5
:107FFC008340C2F8343302B0BDE8F081D6F8343394
:10800C0028461B035CBF4FF40023C6F83433FCF73F
:10801C0069F904EB4004A38AC3F38203042B11D047
:10802C00052B11D001A80195FCF74CF9019BC168F7
:10803C00D94001F001010231284602B0BDE8F041FF
:10804C00FFF7FBBD0321F7E70221F5E7FFF794BE2D
:10805C004FF0FF31FCF73EBB70477FB50BAB059380
:10806C0003930A9B0122029300231846CDE90033A7
:10807C00FAF76EF807B05DF804FB002307B5002291
:10808C0000930023FCF7EAFD03B05DF804FB10B588
:10809C0020290C468AB016D85C23ADF80610ADF832
:1080AC00043050B10A46014602A800F0F1FA21460C
:1080BC0002A8FCF775FD0AB010BD0246014604206B
:1080CC00FCF73EFEF7E7012200211046F8E708B165
:1080DC00FBF71CBA704710B5436904463BB9002046
:1080EC00E2684042537843F00103537010BD984747
:1080FC000028F4D00028B8BF4042FF28A8BFFF20BA
:10810C00E3681870ECE740B1C368587810F00100D0
:10811C001EBF1878B0FA80F0400970477FB50BABE2
:10812C00059303930A9B0122029300231846CDE981
:10813C000033FAF70DF807B05DF804FBEFF3118389
:10814C00202383F31288BFF36F8FFEE710B400F186
:10815C000C04C0E9034410BCFEF799BB202408B5FD
:10816C00EFF3118384F31288BFF36F8FFFF788FA54
:10817C00F6E7D0E9003213605A600023027CC0E9B4
:10818C00003322F0020202748360704713B501249D
:10819C000094FDF709F802B010BD90F90E308B4237
:1081AC0001D0FDF7A3BC0020704703460020C3E9B3
:1081BC000033C3E9020070473AB18A4205D3C0E9E3
:1081CC000212C0E90000002070476FF015007047E4
:1081DC00012302688B4022EA0303036022FA01F0B8
:1081EC0000F00100704720B100229430114600F0DD
:1081FC0037B9704770B5C3680446C3F340069B0794
:10820C0016D4856802210C30FFF7E2FF80B1D5F857
:10821C008C206AB194421DD122689EB9D5F8903059
:10822C00C5F88C209C4201D1C5F890200023236016
:10823C00E36813F01F001EBF43F00203E36040F03D
:10824C00020070BD3260D5F89020944208BFC5F88A
:10825C009060EBE716461268DBE738B504460D462E
:10826C001022002100F021FA656038BD13B5019091
:10827C000846EFF31184202383F31288BFF36F8F2A
:10828C0001A9FDF727FA84F31188BFF36F8F02B0B1
:10829C0010BD10B5FFF7EAFF041E08DDEFF31180E7
:1082AC00202383F31288BFF36F8FFDF78BFC2046DE
:1082BC0010BD10B5EFF31184202383F31288BFF3A4
:1082CC006F8FFFF797FF84F31188BFF36F8F10BD8B
:1082DC0008B5A822002100F0E8F908BDEFF30580ED
:1082EC00003818BF012070476FF05700704700200E
:1082FC007047D0E9003213605A600023C0E90033A4
:10830C00704708B5FFF7F5FF037C23F002030374F5
:10831C000023836008BD38B504460D46FDF742FBCB
:10832C00237C43F002032374D5B1A5602B689D42D6
:10833C0009D16B68C4E900531C606C6010E06A687A
:10834C009A42F6D01B68002BF3D093F90E1094F9D7
:10835C000E209142F3DD5A68C4E9003214605C606F
:10836C0038BD10B5EFF31184202383F31288BFF3CB
:10837C006F8FFDF7D7FA84F31188BFF36F8F10BDA1
:10838C0008B5037C014613F0280F0CD183680BB1A0
:10839C00FFF7B7FF0B7C084623F004030B74BDE812
:1083AC000840FDF7BFBA08BD10B5EFF311842023C8
:1083BC0083F31288BFF36F8F1838FFF7E1FF84F354
:1083CC001188BFF36F8F10BD0846FDF723BB70B546
:1083DC0006460D46FDF792FCB5F1FF3F08BFB6F11E
:1083EC00FF3F04460CD047F6112000214FF47A755C
:1083FC0047F612220023E4FB0501F8F7C9F970BD1A
:10840C004FF0FF30FBE708B5C3171F3043F10003F3
:10841C00400940EAC360C117FDF770FC400108BD7C
:10842C0038B50446EFF31185202383F31288BFF38C
:10843C006F8F037C5B070ED5183000F07FF8237C20
:10844C00204623F004032374FDF76CFA2846BDE89C
:10845C003840FDF7DFBA85F31188BFF36F8F38BD55
:10846C0038B5EFF31185202383F31288BFF36F8F98
:10847C000468A04213D0A4B1C4F8801062612046F5
:10848C00FFF73FFF04F1180000F058F82046FDF705
:10849C0049FA012085F31188BFF36F8F38BD002096
:1084AC00F8E72046F6E72DE9F04706460F469146D9
:1084BC009A46EFF31188202383F31288BFF36F8F52
:1084CC000068864206D028B1736898420CBF00251C
:1084DC00056868B90024B9F1000F02D05146204656
:1084EC00C84788F31188BFF36F8F2046BDE8F0872B
:1084FC005146B84704460028EDD135B17368AB42FC
:10850C0000D02C6828462546E3E72C46FAE708B548
:10851C000246FDF765FD70B1D0E904319B1A61EBA1
:10852C00E272B3F1004F72F1000104DA002AACBF21
:10853C001846002008BD6FF00040FBE7024638B536
:10854C00EFF31185202383F31288BFF36F8F036839
:10855C00D3B1FDF745FD04461046FDF753FD00224F
:10856C004FF000438442C0E9042305D0002085F37A
:10857C001188BFF36F8F38BDFDF73AFDFFF7C7FFCA
:10858C000021FBF789FDF1E7D0E90413B3F1004FAB
:10859C0008BF012904D100204FF00041C2E90401B9
:1085AC006FF01500E3E708B5FDF734FE08BD2DE9C3
:1085BC00F3470446DDE90A9815460E4659B302F016
:1085CC00010AFDF7D7FB0746EFF31181202383F354
:1085DC001288BFF36F8FA80744BF0023A360A36862
:1085EC0003EA0600BAF1000F0CD086420CD16A07E0
:1085FC0044BF8343A36081F31188BFF36F8F02B034
:10860C00BDE8F0870028F2D159EA080305D181F3BF
:10861C001188BFF36F8F0020F1E7C7E91865224678
:10862C00CDE9009804F10C00FDF73EFA0028F2D1D8
:10863C00386EE4E710B50B680446D0E9180212F066
:10864C00010F03EA000301D0984211D183B12366D4
:10865C00520748BF4A6804F1180044BF1A434A60E5
:10866C00FFF76CFF00232046C4F88030FFF788FE2C
:10867C00002010BD0A46FDF7E5BD4FF0FF32FDF7B7
:10868C00E1BD0A460021FDF7DDBD5200FFF78FBFAB
:10869C000A44431E914200D1704710B511F8014BAA
:1086AC00914203F8014FF9D110BD024403469342A5
:1086BC0000D1704703F8011BF9E70139024410B5EA
:1086CC00904201D1002005E0037811F8014FA3423C
:1086DC0001D0181B10BD0130F2E710B56AB1013999
:1086EC00841810F8012B11F8013F9A4203D1A042D3
:1086FC0001D0002AF5D1D01A10BD1046FCE7024675
:10870C00014410B58A42134603D01C780132002C68
:10871C00F8D1181A10BDF0B5C3F13707044603F0B1
:10872C001F031046FFB2082BE6B232D0102B3DD0FF
:10873C006508A40845EAC17544EA81748A082D19B4
:10874C0042EB5102290941EA02716D1842EB1212F7
:10875C00290A41EA02616D1842EB1222290C41EA06
:10876C0002416D1842EB1242AD1842F10002EC08C6
:10877C0044EA4274D10804EB8402A6EB4205EDB244
:10878C00092D0CD90134A5F10A0541F10001EDB216
:10879C0012E0E40806F0070544EA4174C9083035D4
:1087AC0054EA010200F8015BBDD1F0BD240906F0CA
:1087BC000F0544EA01740909092D84BFED19EDB2C6
:0487CC00EDE70000D5
:0887D0002080FF7F0100000082
:1087D8000940030E00000000000000001889030E85
:1087E80000000000FC88030E00000000E088030E73
:1087F80000000000C488030E00000000A888030ED3
:108808009151030E00000000000000005089030E83
:10881800000000003489030E000000006C89030E7C
:10882800B536030E000000006B7A030E000000004E
:108838004F74030E000000007134030E00000000A6
:1088480000000000C089030E000000008889030EA4
:1088580000000000DC89030E00000000A489030E5C
:10886800011C030E00000000A962030E00000000B6
:1088780000000000F889030E00000000148A030EAF
:1088880000000000308A030E7F7A030E000000000B
:10889800E54D030E00000000613E030E00000000DD
:1088A800B9AA030EA4AD030E000000002003002F98
:1088B800D509002F3B79030E00000000C3AA030E60
:1088C800A5AD030E000000002203002FD709002FDA
:1088D8003B79030E00000000CFAA030EA6AD030EDD
:1088E800000000002403002FD909002F3B79030E54
:1088F80000000000D9AA030EA7AD030E0000000077
:108908002603002FDB09002F3B79030E000000002F
:10891800E7AA030EA8AD030E000000002803002FED
:10892800DD09002F3B79030E0000000014AA030E96
:10893800349C030E0499030E1403002F1808002F0B
:10894800E138030E0000000020AA030E489C030E25
:108958000499030E1603002F2408002FE138030E94
:108968000000000000AB030EBC9C030E6499030ECC
:108978002A03002F4009002FBD79030E00000000D4
:108988002CAA030E000000002899030E1803002FDC
:1089980000000000653B030E000000003AAA030E29
:1089A8006C9C030E3C99030E1A03002F0000000074
:1089B800000000000000000048AA030E709C030E8F
:1089C8003C99030E1C03002F00000000000000006B
:1089D8000000000056AA030E749C030E5099030E63
:1089E8001E03002F0000000000000000000000002F
:1089F8001CAB030E00000000000000002C03002F39
:108A080000000000A941030E0000000045A2030E6B
:108A1800809A030E949A030E1003002F4C00002F27
:108A2800FB6D030E0000000031A4030ED49A030E60
:108A3800389B030E1203002FA400002FA515030E68
:048A4800000000002A
:108A4C00000000006976030E000000006976030E3A
:108A5C00000000006976030E000000006976030E2A
:108A6C00000000006976030E000000006976030E1A
:108A7C00000000006976030E000000006976030E0A
:108A8C00000000006976030E000000006976030EFA
:108A9C00000000006976030E000000006976030EEA
:108AAC00000000006976030E000000006976030EDA
:108ABC00000000006976030E000000006976030ECA
:108ACC00000000006976030E000000006976030EBA
:108ADC00000000006976030E000000006976030EAA
:108AEC00000000006976030E000000006976030E9A
:108AFC00000000006976030E000000006976030E8A
:108B0C00000000006976030E000000006976030E79
:108B1C00000000006976030E000000006976030E69
:108B2C00000000006976030E000000006976030E59
:108B3C00000000006976030E000000006976030E49
:108B4C00000000006976030E000000006976030E39
:108B5C00000000006976030E000000006976030E29
:108B6C00000000006976030E000000006976030E19
:108B7C00000000006976030E000000006976030E09
:108B8C00000000006976030E000000006976030EF9
:108B9C00000000006976030E000000006976030EE9
:108BAC00000000006976030E000000006976030ED9
:108BBC00000000006976030E000000006976030EC9
:108BCC00000000006976030E000000006976030EB9
:108BDC00000000006976030E000000006976030EA9
:108BEC00000000006976030E000000006976030E99
:108BFC00000000006976030E000000006976030E89
:108C0C00000000006976030E000000006976030E78
:108C1C00000000006976030E000000006976030E68
:108C2C00000000006976030E000000006976030E58
:108C3C00000000006976030E000000006976030E48
:108C4C00000000006976030E000000006976030E38
:108C5C00000000006976030E000000006976030E28
:108C6C00000000006976030E000000006976030E18
:108C7C00000000006976030E000000006976030E08
:108C8C00000000006976030E000000006976030EF8
:108C9C00000000006976030E000000006976030EE8
:108CAC00000000006976030E000000006976030ED8
:108CBC00000000006976030E000000006976030EC8
:108CCC00000000006976030E000000006976030EB8
:108CDC00000000006976030E000000006976030EA8
:108CEC00000000006976030E000000006976030E98
:108CFC00000000006976030E000000006976030E88
:108D0C00000000006976030E000000006976030E77
:108D1C00000000006976030E000000006976030E67
:108D2C00000000006976030E000000006976030E57
:108D3C00000000006976030E000000006976030E47
:108D4C0000000000193A030E000000006976030EC3
:108D5C00000000006976030E000000006976030E27
:108D6C00000000006976030E000000006976030E17
:108D7C00000000006976030E000000006976030E07
:108D8C00000000006976030E0C02002F7D78030EA4
:108D9C00000000006976030E000000006976030EE7
:108DAC00000000006976030EE548030E457B030EB8
:108DBC00000000006976030E000000006976030EC7
:108DCC00000000006976030E000000006976030EB7
:108DDC00000000006976030E000000006976030EA7
:108DEC00000000006976030E000000006976030E97
:108DFC00000000006976030E000000006976030E87
:108E0C00000000006976030E000000006976030E76
:108E1C00000000006976030E000000006976030E66
:108E2C00000000006976030E000000006976030E56
:108E3C00000000006976030E000000006976030E46
:108E4C00000000006976030E000000006976030E36
:108E5C00000000006976030E000000006976030E26
:108E6C00000000006976030E000000006976030E16
:108E7C00000000006976030E000000006976030E06
:108E8C00000000006976030E000000006976030EF6
:108E9C00000000006976030E000000006976030EE6
:108EAC00000000006976030E000000006976030ED6
:108EBC00000000006976030E000000006976030EC6
:108ECC00000000006976030E000000006976030EB6
:108EDC00000000006976030E000000006976030EA6
:108EEC00000000006976030E000000006976030E96
:108EFC00000000006976030E000000006976030E86
:108F0C00000000006976030E000000006976030E75
:108F1C00000000006976030E000000006976030E65
:108F2C00000000006976030E000000006976030E55
:108F3C00000000006976030E000000006976030E45
:108F4C00000000006976030E000000006976030E35
:108F5C00000000006976030E000000006976030E25
:108F6C00000000006976030E000000006976030E15
:108F7C00000000006976030E000000006976030E05
:108F8C00000000006976030E000000006976030EF5
:108F9C00000000006976030E000000006976030EE5
:108FAC00000000006976030E000000006976030ED5
:108FBC00000000006976030E000000006976030EC5
:108FCC00000000006976030E000000006976030EB5
:108FDC00000000006976030E000000006976030EA5
:108FEC00000000006976030E000000006976030E95
:108FFC00000000006976030E000000006976030E85
:10900C00000000006976030E000000006976030E74
:10901C00000000006976030E000000006976030E64
:10902C00000000006976030E000000006976030E54
:10903C00000000006976030E000000006976030E44
:10904C00000000006976030E000000006976030E34
:10905C00000000006976030E000000006976030E24
:10906C00000000006976030E000000006976030E14
:10907C00000000006976030E000000006976030E04
:10908C00000000006976030E000000006976030EF4
:10909C00000000006976030E000000006976030EE4
:1090AC00000000006976030E000000006976030ED4
:1090BC00000000006976030E000000006976030EC4
:1090CC00000000006976030E000000006976030EB4
:1090DC00000000006976030E000000006976030EA4
:1090EC00000000006976030E000000006976030E94
:1090FC00000000006976030E000000006976030E84
:10910C00000000006976030E000000006976030E73
:10911C00000000006976030E000000006976030E63
:10912C00000000006976030E000000006976030E53
:10913C00000000006976030E000000006976030E43
:10914C00000000006976030E000000006976030E33
:10915C00000000006976030E000000006976030E23
:10916C00000000006976030E000000006976030E13
:10917C00000000006976030E000000006976030E03
:10918C00000000006976030E000000006976030EF3
:10919C00000000006976030E000000006976030EE3
:1091AC00000000006976030E000000006976030ED3
:1091BC00000000006976030E000000006976030EC3
:1091CC00000000006976030E000000006976030EB3
:1091DC00000000006976030E000000006976030EA3
:1091EC00000000006976030E000000006976030E93
:1091FC00000000006976030E000000006976030E83
:10920C00000000006976030E000000006976030E72
:10921C00000000006976030E000000006976030E62
:10922C00000000006976030E000000006976030E52
:10923C00000000006976030E000000006976030E42
:10924C00000000006976030E000000006976030E32
:10925C00000000006976030E000000006976030E22
:10926C00000000006976030E000000006976030E12
:10927C00000000006976030E000000006976030E02
:10928C00000000006976030E000000006976030EF2
:10929C00000000006976030E000000006976030EE2
:1092AC00000000006976030E000000006976030ED2
:1092BC00000000006976030E000000006976030EC2
:1092CC00000000006976030E000000006976030EB2
:1092DC00000000006976030E000000006976030EA2
:1092EC00000000006976030E000000006976030E92
:1092FC00000000006976030E000000006976030E82
:10930C00000000006976030E000000006976030E71
:10931C00000000006976030E000000006976030E61
:10932C00000000006976030E000000006976030E51
:10933C00000000006976030E000000006976030E41
:10934C00000000006976030E000000006976030E31
:10935C00000000006976030E000000006976030E21
:10936C00000000006976030E000000006976030E11
:10937C00000000006976030E000000006976030E01
:10938C00000000006976030E000000006976030EF1
:10939C00000000006976030E000000006976030EE1
:1093AC00000000006976030E000000006976030ED1
:1093BC00000000006976030E000000006976030EC1
:1093CC00000000006976030E000000006976030EB1
:1093DC00000000006976030E000000006976030EA1
:1093EC00000000006976030E000000006976030E91
:1093FC00000000006976030E000000006976030E81
:10940C00000000006976030E000000006976030E70
:10941C00000000006976030E000000006976030E60
:10942C00000000006976030E000000006976030E50
:10943C00000000006976030E000000006976030E40
:10944C00000000006976030E000000006976030E30
:10945C00000000006976030E000000006976030E20
:10946C00000000006976030E000000006976030E10
:10947C00000000006976030E000000006976030E00
:10948C00000000006976030E000000006976030EF0
:10949C00000000006976030E000000006976030EE0
:1094AC00000000006976030E000000006976030ED0
:1094BC00000000006976030E000000006976030EC0
:1094CC00000000006976030E000000006976030EB0
:1094DC00000000006976030E000000006976030EA0
:1094EC00000000006976030E000000006976030E90
:1094FC00000000006976030E000000006976030E80
:10950C00000000006976030E000000006976030E6F
:10951C00000000006976030E000000006976030E5F
:10952C00000000006976030E000000006976030E4F
:10953C00000000006976030E000000006976030E3F
:10954C00000000006976030E000000006976030E2F
:10955C00000000006976030E000000006976030E1F
:10956C00000000006976030E000000006976030E0F
:10957C00000000006976030E000000006976030EFF
:10958C00000000006976030E000000006976030EEF
:10959C00000000006976030E000000006976030EDF
:1095AC00000000006976030E000000006976030ECF
:1095BC00000000006976030E000000006976030EBF
:1095CC00000000006976030E000000006976030EAF
:1095DC00000000006976030E000000006976030E9F
:1095EC00000000006976030E000000006976030E8F
:1095FC00000000006976030E000000006976030E7F
:10960C00000000006976030E000000006976030E6E
:10961C00000000006976030E000000006976030E5E
:10962C00000000006976030E000000006976030E4E
:10963C00000000006976030E000000006976030E3E
:10964C00000000006976030E000000006976030E2E
:10965C00000000006976030E000000006976030E1E
:10966C00000000006976030E000000006976030E0E
:10967C00000000006976030E000000006976030EFE
:10968C00000000006976030E000000006976030EEE
:10969C00000000006976030E000000006976030EDE
:1096AC00000000006976030E000000006976030ECE
:1096BC00000000006976030E000000006976030EBE
:1096CC00000000006976030E000000006976030EAE
:1096DC00000000006976030E000000006976030E9E
:1096EC00000000006976030E000000006976030E8E
:1096FC00000000006976030E000000006976030E7E
:10970C00000000006976030E000000006976030E6D
:10971C00000000006976030E000000006976030E5D
:10972C00000000006976030E000000006976030E4D
:10973C00000000006976030E000000006976030E3D
:10974C00000000006976030E000000006976030E2D
:10975C00000000006976030E000000006976030E1D
:10976C00000000006976030E000000006976030E0D
:10977C00000000006976030E000000006976030EFD
:10978C00000000006976030E000000006976030EED
:10979C00000000006976030E000000006976030EDD
:1097AC00000000006976030E000000006976030ECD
:1097BC00000000006976030E000000006976030EBD
:1097CC00000000006976030E000000006976030EAD
:1097DC00000000006976030E000000006976030E9D
:1097EC00000000006976030E000000006976030E8D
:1097FC00000000006976030E000000006976030E7D
:10980C00000000006976030E000000006976030E6C
:10981C00000000006976030E000000006976030E5C
:10982C00000000006976030E000000006976030E4C
:10983C00000000006976030E000000006976030E3C
:10984C00000000006976030E000000006976030E2C
:10985C00000000006976030E000000006976030E1C
:10986C00000000006976030E000000006976030E0C
:10987C00000000006976030E000000006976030EFC
:10988C00000000006976030E000000006976030EEC
:10989C00000000006976030E000000006976030EDC
:1098AC00000000006976030E000000006976030ECC
:1098BC00000000006976030E000000006976030EBC
:1098CC00000000006976030E000000006976030EAC
:1098DC00000000006976030E000000006976030E9C
:1098EC00000000006976030E6C89030E6179030E8B
:0898FC00000000006976030E74
:109904000537030EBD77030EC977030EE777030E01
:10991400F977030E0B78030E1D39030E2978030E15
:04992400000000003F
:1099280000000000953A030E000000008178030E45
:10993800B93A030E8578030E00000000A778030EDD
:10994800AB78030E00000000B978030E0000000099
:0C995800AF78030EB378030E000000008F
:0C9964007979030E093F030E6B79030EA6
:109970005BAC030E0300000009AA030E0300000005
:109980006FA1030E0300000039A4030E03000000C2
:1099900039A2030E030000006BA4030E03000000B5
:1099A0006FA4030E0300000030A5030E03000000A7
:1099B0005FA9030E03000000F5AA030E03000000D8
:1099C00038AD030E0300000067A1030E0300000082
:1099D0004EA1030E03000000D2A9030E03000000F5
:1099E000A9A1030E030000000CAB030E030000004E
:1099F000B89B030EA401002F1FA5030E0100000059
:109A00000080935F0082935F0084935F008C935F7C
:109A1000008E935F0092935F0080935F0082935F5C
:109A20000084935F008C935F008E935F0092935F3E
:109A30000338FDD87047000002A1030E07A1030EF2
:109A40001AA1030E29A1030E32A1030E3AA1030E9F
:109A500080F6882F84F6882FA0F6882F200000003B
:109A60005C000000A4F6882F00F6882F04F6882FEB
:109A700020F6882F200000005C00000024F6882FCC
:109A8000DC89030E0C0000008889030E060000002C
:109A90000200000000000000000000001F6E030E26
:109AA00000000000076E030EFF6D030E00000000B3
:109AB00000000000000000000000000000000000A6
:109AC000000000001517030E00000000B91A030E75
:109AD00000000000A489030E0C0000008889030E1A
:109AE000120000000100000080FA0B2F2C00000083
:109AF0002000000080F20B2F2C000000200000004E
:109B00009401002F8801002F00F80B2F00000000A7
:109B100020F80B2F200000005C02000024F80B2F1F
:109B200000F00B2F0000000020F00B2F20000000A1
:109B30005C02000024F00B2F4113030E0000000014
:109B4000B16F030E000000003917030E276E030EDD
:109B5000456E030E8D6E030E136F030E6F6F030EB3
:109B6000716E030ED36E030E3775030E00000000F6
:109B7000000000000000000000000000FFA4030E31
:109B800007A5030E00000000000000000000000018
:109B90000FA5030E13A5030E17A5030E1BA5030E99
:109BA000A89B030E9407002F0125030EAC07002F7E
:109BB000D309002F01000000ED75030E0000000026
:109BC000BB75030EAF75030E00000000A375030EF6
:109BD0000000000039A5030E0020C12F0010000076
:109BE000080000000000002F000000000600010037
:109BF00005000000BC01002F0020C12F0010000054
:109C000008000000040000000520C12F0080935FC1
:109C10000082935F0084935F00000000000000005A
:109C200000000000008C935F008E935F0000000036
:109C30000092935F3F0000000092935F0C02002FA0
:109C40000000000009000000FF0F00000080935F8B
:109C50000C02002F00000000000000004160040022
:109C600000000000000000000000000000B0095FDC
:109C70000090095F00808C5FFFF0FFFF2000000074
:109C80000080935F0082935F0084935F0000000078
:109C90000000000000000000008C935F008E935FC6
:109CA000000000000092935F1889030EFC88030EE9
:109CB000E088030EC488030EA888030E00509D5F41
:109CC0000000000000000000EC9C030E0020C12FEB
:109CD00000C201000000D6010000000000000040AA
:109CE000000000000420C12F0020C12F00509D5F04
:109CF000F89C030E01000000009D030E040000000C
:109D00004600020047000002440600014506000329
:109D10000080935F0082935F0084935F00000000E7
:109D20000000000000000000008C935F008E935F35
:109D3000000000000092935F08000000070200008E
:109D4000F549030E0000000000000000894A030EE0
:109D5000000000000000000000000000214B030E86
:109D6000614B030E394A030EE94A030E9549030E6F
:109D7000EEAC030EFCAC030E10AD030E1FAD030ED4
:109D80002BAD030ED887030EE087030E3088030E39
:109D90003888030EA088030EA888030E76AD030E44
:109DA0000001000000000000706572697068636F58
:109DB0006E6620706172746974696F6E20403078CD
:109DC000253038782C2073697A6520257A752062D1
:109DD0007974657320286C6F6767696E67206669A0
:109DE00072737420257A7520627974657329007006
:109DF0006572697068636F6E6600496E76616C6942
:109E0000642049726F6E5369646520534520626F08
:109E10006F74207265706F7274004661696C65645E
:109E200020746F2072656164204E5620636F756EDA
:109E30007465723A202564004661696C656420741B
:109E40006F20696E6372656D656E74204E56206377
:109E50006F756E74657220282575202D3E2025753E
:109E6000293A202564004E5620636F756E74657222
:109E70003A202575202D3E20257500554943522056
:109E80006C6F636B207265717565737465642028EF
:109E900074616B65732065666665637420616674C2
:109EA0006572207265736574293B207265626F6FFD
:109EB00074696E670055494352206C6F636B206E66
:109EC0006F74206170706C69656420282564293B7B
:109ED00020636F6E74696E75696E6700536E617092
:109EE00073686F74207374617475733A20257300FE
:109EF00052656163686564206379636C65206C6991
:109F00006D697420282575292C2073746F70706911
:109F10006E6720636170747572652F7265636F760A
:109F200065727920666C6F7700536E617073686F2D
:109F300074207374617475733A20556E6B6E6F770D
:109F40006E20283078253032782900486561727497
:109F5000626561742025640052756E6E696E6720BB
:109F6000726561642D6F6E6C79204D52414D207386
:109F70007765657020636865636B00537461727404
:109F8000696E6720726561642D6F6E6C79204D5229
:109F9000414D207377656570206F7665722030784B
:109FA00025303878202E2E2030782530387800461D
:109FB000696E697368656420726561642D6F6E6C8B
:109FC00079204D52414D2073776565703A2066695E
:109FD0007273743D307825303878206C6173743D2D
:109FE00030782530387820786F723D3078253038D9
:109FF000780052657175657374696E6720736E6160
:10A000007073686F74206361707475726500736E2D
:10A01000617073686F745F636170747572652072CC
:10A02000657475726E656420756E657870656374AD
:10A0300065646C793A2025640052657175657374A6
:10A04000696E6720736E617073686F7420726563E8
:10A050006F7665727900736E617073686F745F728A
:10A0600065636F766572792072657475726E65646A
:10A0700020756E65787065637465646C793A202527
:10A080006400536E617073686F74207265636F76DD
:10A0900065727920636F6D706C657465642C2072D5
:10A0A00065626F6F74696E6700536E617073686F7D
:10A0B000742063617074757265206661696C656493
:10A0C00000536E617073686F7420636F7272757085
:10A0D00074696F6E20646574656374656400556EA1
:10A0E000737570706F7274656420736E61707368DD
:10A0F0006F74207374617475733A20307825303230
:10A1000078004E6F6E650043617074757265205300
:10A1100075636365737366756C0043617074757203
:10A1200065204661696C6564005265636F7665728F
:10A130007900556E6B6E6F776E00436F727275703B
:10A1400074696F6E20446574656374656400736E32
:10A15000617073686F745F636170747572655F724C
:10A1600065636F766572006F735F68656170006329
:10A17000627072696E74665F7061636B61676500BF
:10A180004661696C656420746F207265626F6F74DC
:10A190003A207370696E6E696E6720656E646C65D7
:10A1A00073736C792E2E2E0A007379735F67657452
:10A1B0006F707400496E76616C696420696E7374A7
:10A1C000616E636500496E76616C696420626163EB
:10A1D0006B656E6420636F6E666967757261746922
:10A1E0006F6E00496E76616C696420696E7374618C
:10A1F0006E63652C20656E64706F696E74206F727B
:10A2000020636F6E66696775726174696F6E00496D
:10A210006E76616C696420656E64706F696E74003F
:10A22000456E64706F696E74206E6F74207265671E
:10A23000697374657265640A006970635F7365723F
:10A2400076696365006970632D322D313200426C8E
:10A250006F636B20696E64657820696E76616C69E6
:10A260006400426C6F636B20636F7272757074650B
:10A270006400506F696E74657220696E76616C69F6
:10A2800064004661696C656420746F20616C6C6F5A
:10A2900063617465206275666665722C20657272F2
:10A2A0003A2025640043616E6E6F742073656E649E
:10A2B000206F7665722049434D73672C206572725A
:10A2C000202564006963626D73675F776F726B71DD
:10A2D0000052657175657374656420256420626C35
:10A2E0006F636B732C20616C6C6F636174656420A9
:10A2F00025640043616E6E6F74206672656520622E
:10A300006974732C20657272202564005265636540
:10A310006976656420696E76616C696420626C6F31
:10A32000636B20696E64657820256400546F6F202C
:10A330006D616E7920656E64706F696E747300462E
:10A3400061696C656420746F2073656E6420626F50
:10A35000756E642C2065727220256400556E6578D8
:10A3600070656374656420626F756E64696E6720E2
:10A3700066726F6D2072656D6F7465206F6E2065FB
:10A380006E64706F696E74202564004661696C6547
:10A390006420626F756E642C2065727220256400E3
:10A3A000526563656976656420696E76616C69647F
:10A3B00020656E64706F696E74206164647220251C
:10A3C0006400496E76616C69642073746174652001
:10A3D0002564206F6620726563656976696E672003
:10A3E000656E64706F696E742025640052656365E4
:10A3F0006976656420696E76616C696420626C6F51
:10A40000636B20696E646578202564206F7220611B
:10A41000646472202564004661696C656420746F11
:10A4200020726563656976652C20657272202564EB
:10A43000006970632D322D33006970635F69636258
:10A440006D73670069636D73675F776F726B71001F
:10A45000496E636F727265637420547820636F6E07
:10A4600066696775726174696F6E006C6F67006C06
:10A470006F675F6D676D74004D657373616765200D
:10A4800064726F70706564206265636175736520C6
:10A49000697420657863656564732073697A6520E3
:10A4A0006C696D69746174696F6E20282575290067
:10A4B0000D0A001B5B306D00257320005B253038D2
:10A4C0006C755D20005B253032753A253032753A67
:10A4D000253032752E253033752C253033755D20AF
:10A4E000003C25733E200025732F0025733A200081
:10A4F000253032782000202020007C002563001BBE
:10A500005B313B33316D001B5B313B33336D006599
:10A5100072720077726E00696E6600646267006C2A
:10A520006F675F6261636B656E645F756172740013
:10A530006C6F675F75617274006D656D6F727940E5
:10A5400032666331323030300072302F61313A2060
:10A5500020307825303878202072312F61323A202F
:10A5600020307825303878202072322F61333A201D
:10A57000203078253038780072332F61343A20202B
:10A58000307825303878207231322F69703A2020A7
:10A59000307825303878207231342F6C723A202090
:10A5A0003078253038780020787073723A20203067
:10A5B0007825303878004661756C74696E6720695B
:10A5C0006E737472756374696F6E20616464726512
:10A5D000737320287231352F7063293A2030782523
:10A5E00030387800556E68616E646C65642049523D
:10A5F000516E3A202564002A2A2A2A2A20555341DE
:10A600004745204641554C54202A2A2A2A2A002010
:10A61000204469766973696F6E206279207A657269
:10A620006F002020556E616C69676E6564206D65F2
:10A630006D6F7279206163636573730020205374BA
:10A6400061636B206F766572666C6F772028636F2D
:10A650006E746578742061726561206E6F74207607
:10A66000616C6964290020204E6F20636F70726FE7
:10A67000636573736F7220696E7374727563746946
:10A680006F6E73002020496C6C6567616C206C6F85
:10A690006164206F66204558435F52455455524EC1
:10A6A00020696E746F205043002020496C6C6567F0
:10A6B000616C20757365206F662074686520455055
:10A6C0005352002020417474656D707420746F20A3
:10A6D0006578656375746520756E646566696E6519
:10A6E0006420696E737472756374696F6E002A2AD0
:10A6F0002A2A2A20425553204641554C54202A2AC2
:10A700002A2A2A002020537461636B696E672065D2
:10A7100072726F72002020556E737461636B696E84
:10A7200067206572726F72002020507265636973D2
:10A7300065206461746120627573206572726F7246
:10A740000020204246415220416464726573733A8E
:10A750002030782578002020496D70726563697318
:10A7600065206461746120627573206572726F7216
:10A77000002020496E737472756374696F6E206275
:10A780007573206572726F72002020466C6F617461
:10A79000696E672D706F696E74206C617A792073B1
:10A7A0007461746520707265736572766174696F27
:10A7B0006E206572726F72002A2A2A2A2A204D5052
:10A7C00055204641554C54202A2A2A2A2A00202066
:10A7D000537461636B696E67206572726F722028B3
:10A7E000636F6E746578742061726561206D69674E
:10A7F0006874206265206E6F742076616C696429CC
:10A8000000202044617461204163636573732056A6
:10A81000696F6C6174696F6E0020204D4D46415226
:10A8200020416464726573733A2030782578002083
:10A8300020496E737472756374696F6E204163632F
:10A840006573732056696F6C6174696F6E00526531
:10A8500073657276656420457863657074696F6EA0
:10A8600020280053707572696F757320696E746566
:10A87000727275707420284952512000535053450C
:10A880004C20696E20746872656164206D6F646528
:10A8900020646F6573206E6F7420696E64696361F4
:10A8A000746520505350002A2A2A2A2A20484152EF
:10A8B00044204641554C54202A2A2A2A2A00202086
:10A8C000427573206661756C74206F6E20766563C7
:10A8D000746F72207461626C65207265616400201F
:10A8E000204465627567206576656E740020204699
:10A8F00061756C7420657363616C6174696F6E203F
:10A90000287365652062656C6F7729004152434862
:10A910005F455843455054207769746820726561DB
:10A92000736F6E2025780A002A2A2A2A2A20446575
:10A93000627567206D6F6E69746F722065786365EC
:10A940007074696F6E202A2A2A2A2A002A2A2A2A43
:10A950002A20257320256429202A2A2A2A2A006DE4
:10A960007075004661696C656420746F20616C6C61
:10A970006F63617465206E6577204D505520726558
:10A9800067696F6E2025750A005061727469746979
:10A990006F6E2025753A20636F686572656E63651A
:10A9A00020636865636B206661696C65642E00498D
:10A9B0006E76616C696420756E6465726C79696E1F
:10A9C0006720726567696F6E20696E6465782025FF
:10A9D0007500736F6300464C4153485F300053521B
:10A9E000414D5F300055534248535F434F5245003D
:10A9F00043414E3132305F4D43414E004556454E46
:10AA0000545F5245504F52540063616368655F6EF6
:10AA1000726678006770696F4039333932303000C0
:10AA20006770696F40393338303030006D61696C60
:10AA3000626F78403961303030006D61696C626FEF
:10AA400078403962303030006D61696C626F7840F7
:10AA50003939303030006D61696C626F784038632D
:10AA600038303030002573202573006E72667320F5
:10AA700067647077722072657175657374007469AC
:10AA80006D6564206F75740072656A6563746564D2
:10AA9000006E726673206261636B656E6420636F23
:10AAA0006E6E656374696F6E006E726673206764A4
:10AAB00070777220696E697400736C6F772D6D61A9
:10AAC000696E00736C6F772D6163746976650066DB
:10AAD0006173742D6D61696E00666173742D6163BD
:10AAE000746976652D3100666173742D61637469D4
:10AAF00076652D30006E7266735F676470777200E2
:10AB0000756172744039643530303000756172742B
:10AB10005F6E7266785F7561727465006970632D2F
:10AB2000312D3200547279696E6720746F2073651D
:10AB30006E6420256420627974657320776865727D
:10AB400065206D61782069732025642E004661744C
:10AB5000616C206572726F723A20256420726562A2
:10AB60006F6F74696E672E2E2E005265636569766D
:10AB70006564206461746120697320746F6F206C58
:10AB80006F6E672E20436F6E666967206572726F05
:10AB9000722E004E6F206461746120696E207265B0
:10ABA000636569766564206D65737361676521000F
:10ABB000495043206F70656E20696E7374616E63D7
:10ABC00065206661696C75726520776974682065B7
:10ABD00072726F723A202564004950432072656793
:10ABE000697374657220656E64706F696E74206637
:10ABF00061696C7572652077697468206572726F1F
:10AC0000723A20256400495043206261636B656E8F
:10AC1000642073656E742064617461206661696C80
:10AC200065642E00556E646566696E6564206572A4
:10AC3000726F722069643A2025642C206572726FED
:10AC4000722063617573653A202564006970635FE3
:10AC5000746F5F7379736374726C004E5246535F06
:10AC60004241434B454E440048616C74696E672015
:10AC700073797374656D00556E6B6E6F776E2065BA
:10AC800072726F7200756E6B6E6F776E003E3E3E35
:10AC9000205A455048595220464154414C20455273
:10ACA000524F522025643A202573206F6E20435066
:10ACB00055202564004661756C7420647572696E58
:10ACC0006720696E746572727570742068616E6455
:10ACD0006C696E670A0043757272656E74207468E1
:10ACE000726561643A20257020282573290043503D
:10ACF0005520657863657074696F6E00556E686184
:10AD00006E646C656420696E74657272757074002F
:10AD1000537461636B206F766572666C6F77004B5E
:10AD200065726E656C206F6F7073004B65726E6537
:10AD30006C2070616E6963006F73002A2A2A2042BA
:10AD40006F6F74696E67205A6570687972204F530F
:10AD5000206275696C642076342E342E302D3332A7
:10AD600038332D67326233643235333133656333C0
:10AD7000202A2A2A0A00737973776F726B71002870
:10AD80006E756C6C29002A666C6F61742A00456DC3
:10AD9000316C314B30726E336C6934000104050242
:10ADA0000608090F0403020100000C1824242424BF
:10ADB000323A3A4040404040400001020607090054
:10ADC0000000000010000000000000000000000073
:10ADD0000000000000000000000000000000000073
:10ADE0000000000000000000000000000000000063
:10ADF0000000000000000000000000000000000053
:10AE00000000000000000000A169030E9800002F60
:10AE10008C00002F00000000000000000000000077
:10AE20000000000000000000000000000000000022
:10AE30000000000000000000000000000000000012
:10AE4000000000000000000000000000509A030E07
:10AE50000000000000000000689A030E00000000DF
:10AE600000000000000000007C01002F7001002F96
:10AE700000000000000000000000000000000000D2
:10AE800000000000000000000000000000000000C2
:10AE900000000000000000000000000000000000B2
:10AEA00000000000000000000000000000000000A2
:10AEB0000000000000000000000000000000000092
:10AEC0000000000000000000000000000000000082
:10AED0000000000000000000000000000000000072
:10AEE0000000000000000000000000000000000062
:10AEF0000000000000000000000000000000000052
:10AF00000000000000000000000000000000000041
:10AF10000000000000000000000000000000000031
:10AF20000000000000000000000000000000000021
:10AF3000089B030E0000000000000000209B030E91
:10AF400000000000000000002000000001000000E0
:10AF50007807002F20000000010000007C07002F70
:10AF60003574030EA09B030E0000000000000000DB
:10AF70001777030E00000000000000000000000E24
:10AF8000D6A9030E06000000E0FF1F0E0000002FF0
:10AF9000DEA9030E21000000E0DF0B2F0000702F60
:10AFA000E5A9030E41000000E0FF732F0080BE2FD3
:10AFB000F0A9030E41000000E0FFBE2F00FC882F27
:10AFC000FCA9030E41000000E0FC882F0040935FC5
:10AFD0000000000000000000000000000000000071
:10AFE0000000000000000000000000000000000061
:10AFF0000000000000000000000000000000000051
:10B000000000000000000000000000000000000040
:10B010000000000000000000000000000000000030
:10B020000000000000000000000000000000000020
:10B030000000000000000000000000000000000010
:10B040000000000000000000000000000000000000
:10B0500000000000000000000000000000000000F0
:10B0600000000000000000000000000000000000E0
:10B07000000000000000000000000000BD3F030EC3
:10B0800000000000FF00000000D012137F0000004D
:10B09000148A030EE802002F0000000000000000E8
:10B0A00000000000010000004CAC030E0000000096
:10B0B000094C030E000000009B80030E00000000FE
:10B0C00000000000710200000803002F0803002F99
:10B0D0000000000000000000000000000000000070
:10B0E0000000000000000000000000000000000060
:04B0F000000000005C
:10B0F4003403002F3403002F240000000800000054
:10B104002826002F4827002F2826002F2826002F26
:08B11400000000000000000033
:10B11C005C03002F5C03002F010000000100000005
:10B12C006C03002F6C03002F0000000001000000D6
:10B13C007C03002F7C03002F000000008803002FED
:10B14C008803002F000000009403002F9403002FAD
:04B15C0000000000EF
:10B1600000000000000000000000000000000000DF
:04B1700015E015E0F1
:040000050E032C7149
:00000001FF
